-- phpMyAdmin SQL Dump
-- version 5.2.1
-- https://www.phpmyadmin.net/
--
-- Host: 127.0.0.1
-- Generation Time: Dec 18, 2025 at 02:05 PM
-- Server version: 10.4.32-MariaDB
-- PHP Version: 8.2.12

SET SQL_MODE = "NO_AUTO_VALUE_ON_ZERO";
START TRANSACTION;
SET time_zone = "+00:00";


/*!40101 SET @OLD_CHARACTER_SET_CLIENT=@@CHARACTER_SET_CLIENT */;
/*!40101 SET @OLD_CHARACTER_SET_RESULTS=@@CHARACTER_SET_RESULTS */;
/*!40101 SET @OLD_COLLATION_CONNECTION=@@COLLATION_CONNECTION */;
/*!40101 SET NAMES utf8mb4 */;

--
-- Database: `db_gcioj`
--

-- --------------------------------------------------------

--
-- Table structure for table `contest`
--

CREATE TABLE `contest` (
  `id` int(11) NOT NULL,
  `name` varchar(100) NOT NULL,
  `course` varchar(100) DEFAULT NULL,
  `is_active` tinyint(1) NOT NULL DEFAULT 0,
  `is_public` tinyint(1) NOT NULL DEFAULT 0,
  `start_time` datetime DEFAULT NULL,
  `end_time` datetime DEFAULT NULL
) ENGINE=InnoDB DEFAULT CHARSET=utf8mb4 COLLATE=utf8mb4_general_ci;

--
-- Dumping data for table `contest`
--

INSERT INTO `contest` (`id`, `name`, `course`, `is_active`, `is_public`, `start_time`, `end_time`) VALUES
(1, 'AL_Practice_20', 'Algorithms', 0, 0, '2025-12-18 00:39:00', '2026-04-30 00:39:00'),
(6, 'AL_Practice_50', 'Algorithms', 0, 0, '2025-12-18 15:24:00', '2026-01-08 15:24:00'),
(7, 'AL_Practice_20', 'Algorithms', 1, 1, '2025-12-19 19:28:00', '2025-12-13 19:28:00');

-- --------------------------------------------------------

--
-- Table structure for table `contest_problem`
--

CREATE TABLE `contest_problem` (
  `contest_id` int(11) NOT NULL,
  `problem_id` int(11) NOT NULL,
  `problem_order` int(11) DEFAULT NULL
) ENGINE=InnoDB DEFAULT CHARSET=utf8mb4 COLLATE=utf8mb4_general_ci;

--
-- Dumping data for table `contest_problem`
--

INSERT INTO `contest_problem` (`contest_id`, `problem_id`, `problem_order`) VALUES
(1, 671, 0),
(1, 672, 0),
(1, 673, 0),
(1, 674, 0),
(1, 675, 0),
(1, 676, 0),
(1, 677, 0),
(1, 678, 0),
(1, 679, 0),
(1, 680, 0),
(1, 681, 0),
(1, 682, 0),
(1, 683, 0),
(1, 684, 0),
(1, 685, 0),
(1, 686, 0),
(1, 687, 0),
(1, 688, 0),
(1, 689, 0),
(1, 690, 0),
(6, 671, 0),
(6, 672, 0);

-- --------------------------------------------------------

--
-- Table structure for table `problem`
--

CREATE TABLE `problem` (
  `id` int(11) NOT NULL,
  `code` varchar(20) NOT NULL,
  `Leetcode_ID` varchar(50) DEFAULT NULL,
  `Leetcode_link` varchar(255) DEFAULT NULL,
  `title` varchar(255) DEFAULT NULL,
  `input_type` varchar(10) NOT NULL DEFAULT 'arr',
  `description` text DEFAULT NULL,
  `level` enum('Easy','Medium','Hard') DEFAULT 'Easy',
  `time_limit_ms` int(11) DEFAULT 1000,
  `memory_limit_mb` int(11) DEFAULT 256,
  `tag` varchar(255) DEFAULT NULL
) ENGINE=InnoDB DEFAULT CHARSET=utf8mb4 COLLATE=utf8mb4_general_ci;

--
-- Dumping data for table `problem`
--

INSERT INTO `problem` (`id`, `code`, `Leetcode_ID`, `Leetcode_link`, `title`, `input_type`, `description`, `level`, `time_limit_ms`, `memory_limit_mb`, `tag`) VALUES
(1, '3263_CONDOU', '3263', 'https://leetcode.com/problems/convert-doubly-linked-list-to-array-i/description', 'Convert Doubly Linked List to Array I', 'arr', 'Imported from LeetCode', 'Easy', 1000, 256, '[\'Array\', \'Linked List\', \'Doubly-Linked List\']'),
(2, '3173_BITORZ', '3173', 'https://leetcode.com/problems/bitwise-or-of-adjacent-elements/description', 'Bitwise OR of Adjacent Elements', 'arr', 'Imported from LeetCode', 'Easy', 1000, 256, '[\'Array\', \'Bit Manipulation\']'),
(3, '3110_SCOOFZ', '3110', 'https://leetcode.com/problems/score-of-a-string/description', 'Score of a String', 'arr', 'Imported from LeetCode', 'Easy', 1000, 256, '[\'String\']'),
(4, '1119_REMVOW', '1119', 'https://leetcode.com/problems/remove-vowels-from-a-string/description', 'Remove Vowels from a String', 'arr', 'Imported from LeetCode', 'Easy', 1000, 256, '[\'String\']'),
(5, '2769_FINTHE', '2769', 'https://leetcode.com/problems/find-the-maximum-achievable-number/description', 'Find the Maximum Achievable Number', 'arr', 'Imported from LeetCode', 'Easy', 1000, 256, '[\'Math\']'),
(6, '1929_CONOFZ', '1929', 'https://leetcode.com/problems/concatenation-of-array/description', 'Concatenation of Array', 'arr', 'Imported from LeetCode', 'Easy', 1000, 256, '[\'Array\', \'Simulation\']'),
(7, '1920_BUIARR', '1920', 'https://leetcode.com/problems/build-array-from-permutation/description', 'Build Array from Permutation', 'arr', 'Imported from LeetCode', 'Easy', 1000, 256, '[\'Array\', \'Simulation\']'),
(8, '3190_FINMIN', '3190', 'https://leetcode.com/problems/find-minimum-operations-to-make-all-elements-divisible-by-three/description', 'Find Minimum Operations to Make All Elements Divisible by Three', 'arr', 'Imported from LeetCode', 'Easy', 1000, 256, '[\'Array\', \'Math\']'),
(9, '2469_CONTHE', '2469', 'https://leetcode.com/problems/convert-the-temperature/description', 'Convert the Temperature', 'arr', 'Imported from LeetCode', 'Easy', 1000, 256, '[\'Math\']'),
(10, '2011_FINVAL', '2011', 'https://leetcode.com/problems/final-value-of-variable-after-performing-operations/description', 'Final Value of Variable After Performing Operations', 'arr', 'Imported from LeetCode', 'Easy', 1000, 256, '[\'Array\', \'String\', \'Simulation\']'),
(11, '2894_DIVAND', '2894', 'https://leetcode.com/problems/divisible-and-non-divisible-sums-difference/description', 'Divisible and Non-divisible Sums Difference', 'arr', 'Imported from LeetCode', 'Easy', 1000, 256, '[\'Math\']'),
(12, '1108_DEFANZ', '1108', 'https://leetcode.com/problems/defanging-an-ip-address/description', 'Defanging an IP Address', 'arr', 'Imported from LeetCode', 'Easy', 1000, 256, '[\'String\']'),
(13, '1512_NUMOFZ', '1512', 'https://leetcode.com/problems/number-of-good-pairs/description', 'Number of Good Pairs', 'arr', 'Imported from LeetCode', 'Easy', 1000, 256, '[\'Array\', \'Hash Table\', \'Math\', \'1+\']'),
(14, '3146_PERDIF', '3146', 'https://leetcode.com/problems/permutation-difference-between-two-strings/description', 'Permutation Difference between Two Strings', 'arr', 'Imported from LeetCode', 'Easy', 1000, 256, '[\'Hash Table\', \'String\']'),
(15, '3289_THETWO', '3289', 'https://leetcode.com/problems/the-two-sneaky-numbers-of-digitville/description', 'The Two Sneaky Numbers of Digitville', 'arr', 'Imported from LeetCode', 'Easy', 1000, 256, '[\'Array\', \'Hash Table\', \'Math\']'),
(16, '771_JEWAND', '771', 'https://leetcode.com/problems/jewels-and-stones/description', 'Jewels and Stones', 'arr', 'Imported from LeetCode', 'Easy', 1000, 256, '[\'Hash Table\', \'String\']'),
(17, '2942_FINWOR', '2942', 'https://leetcode.com/problems/find-words-containing-character/description', 'Find Words Containing Character', 'arr', 'Imported from LeetCode', 'Easy', 1000, 256, '[\'Array\', \'String\']'),
(18, '1470_SHUTHE', '1470', 'https://leetcode.com/problems/shuffle-the-array/description', 'Shuffle the Array', 'arr', 'Imported from LeetCode', 'Easy', 1000, 256, '[\'Array\']'),
(19, '3280_CONDAT', '3280', 'https://leetcode.com/problems/convert-date-to-binary/description', 'Convert Date to Binary', 'arr', 'Imported from LeetCode', 'Easy', 1000, 256, '[\'Math\', \'String\']'),
(20, '1672_RICCUS', '1672', 'https://leetcode.com/problems/richest-customer-wealth/description', 'Richest Customer Wealth', 'arr', 'Imported from LeetCode', 'Easy', 1000, 256, '[\'Array\', \'Matrix\']'),
(21, '1684_COUTHE', '1684', 'https://leetcode.com/problems/count-the-number-of-consistent-strings/description', 'Count the Number of Consistent Strings', 'arr', 'Imported from LeetCode', 'Easy', 1000, 256, '[\'Array\', \'Hash Table\', \'String\', \'2+\']'),
(22, '2413_SMAEVE', '2413', 'https://leetcode.com/problems/smallest-even-multiple/description', 'Smallest Even Multiple', 'arr', 'Imported from LeetCode', 'Easy', 1000, 256, '[\'Math\', \'Number Theory\']'),
(23, '2235_ADDTWO', '2235', 'https://leetcode.com/problems/add-two-integers/description', 'Add Two Integers', 'arr', 'Imported from LeetCode', 'Easy', 1000, 256, '[\'Math\']'),
(24, '2798_NUMOFZ', '2798', 'https://leetcode.com/problems/number-of-employees-who-met-the-target/description', 'Number of Employees Who Met the Target', 'arr', 'Imported from LeetCode', 'Easy', 1000, 256, '[\'Array\']'),
(25, '1863_SUMOFZ', '1863', 'https://leetcode.com/problems/sum-of-all-subset-xor-totals/description', 'Sum of All Subset XOR Totals', 'arr', 'Imported from LeetCode', 'Easy', 1000, 256, '[\'Array\', \'Math\', \'Backtracking\', \'3+\']'),
(26, '2373_LARLOC', '2373', 'https://leetcode.com/problems/largest-local-values-in-a-matrix/description', 'Largest Local Values in a Matrix', 'arr', 'Imported from LeetCode', 'Easy', 1000, 256, '[\'Array\', \'Matrix\']'),
(27, '1431_KIDWIT', '1431', 'https://leetcode.com/problems/kids-with-the-greatest-number-of-candies/description', 'Kids With the Greatest Number of Candies', 'arr', 'Imported from LeetCode', 'Easy', 1000, 256, '[\'Array\']'),
(28, '2037_MINNUM', '2037', 'https://leetcode.com/problems/minimum-number-of-moves-to-seat-everyone/description', 'Minimum Number of Moves to Seat Everyone', 'arr', 'Imported from LeetCode', 'Easy', 1000, 256, '[\'Array\', \'Greedy\', \'Sorting\', \'1+\']'),
(29, '2824_COUPAI', '2824', 'https://leetcode.com/problems/count-pairs-whose-sum-is-less-than-target/description', 'Count Pairs Whose Sum is Less than Target', 'arr', 'Imported from LeetCode', 'Easy', 1000, 256, '[\'Array\', \'Two Pointers\', \'Binary Search\', \'1+\']'),
(30, '2220_MINBIT', '2220', 'https://leetcode.com/problems/minimum-bit-flips-to-convert-number/description', 'Minimum Bit Flips to Convert Number', 'arr', 'Imported from LeetCode', 'Easy', 1000, 256, '[\'Bit Manipulation\']'),
(31, '1678_GOAPAR', '1678', 'https://leetcode.com/problems/goal-parser-interpretation/description', 'Goal Parser Interpretation', 'arr', 'Imported from LeetCode', 'Easy', 1000, 256, '[\'String\']'),
(32, '1637_WIDVER', '1637', 'https://leetcode.com/problems/widest-vertical-area-between-two-points-containing-no-points/description', 'Widest Vertical Area Between Two Points Containing No Points', 'arr', 'Imported from LeetCode', 'Easy', 1000, 256, '[\'Array\', \'Sorting\']'),
(33, '3032_COUNUM', '3032', 'https://leetcode.com/problems/count-numbers-with-unique-digits-ii/description', 'Count Numbers With Unique Digits II', 'arr', 'Imported from LeetCode', 'Easy', 1000, 256, '[\'Hash Table\', \'Math\', \'1+\']'),
(34, '2574_LEFAND', '2574', 'https://leetcode.com/problems/left-and-right-sum-differences/description', 'Left and Right Sum Differences', 'arr', 'Imported from LeetCode', 'Easy', 1000, 256, '[\'Array\', \'Prefix Sum\']'),
(35, '938_RANSUM', '938', 'https://leetcode.com/problems/range-sum-of-bst/description', 'Range Sum of BST', 'arr', 'Imported from LeetCode', 'Easy', 1000, 256, '[\'Tree\', \'Depth-First Search\', \'2+\']'),
(36, '1365_HOWMAN', '1365', 'https://leetcode.com/problems/how-many-numbers-are-smaller-than-the-current-number/description', 'How Many Numbers Are Smaller Than the Current Number', 'arr', 'Imported from LeetCode', 'Easy', 1000, 256, '[\'Array\', \'Hash Table\', \'Sorting\', \'1+\']'),
(37, '1480_RUNSUM', '1480', 'https://leetcode.com/problems/running-sum-of-1d-array/description', 'Running Sum of 1d Array', 'arr', 'Imported from LeetCode', 'Easy', 1000, 256, '[\'Array\', \'Prefix Sum\']'),
(38, '3285_FININD', '3285', 'https://leetcode.com/problems/find-indices-of-stable-mountains/description', 'Find Indices of Stable Mountains', 'arr', 'Imported from LeetCode', 'Easy', 1000, 256, '[\'Array\']'),
(39, '2859_SUMOFZ', '2859', 'https://leetcode.com/problems/sum-of-values-at-indices-with-k-set-bits/description', 'Sum of Values at Indices With K Set Bits', 'arr', 'Imported from LeetCode', 'Easy', 1000, 256, '[\'Array\', \'Bit Manipulation\']'),
(40, '3162_FINTHE', '3162', 'https://leetcode.com/problems/find-the-number-of-good-pairs-i/description', 'Find the Number of Good Pairs I', 'arr', 'Imported from LeetCode', 'Easy', 1000, 256, '[\'Array\', \'Hash Table\']'),
(41, '1720_DECXOR', '1720', 'https://leetcode.com/problems/decode-xored-array/description', 'Decode XORed Array', 'arr', 'Imported from LeetCode', 'Easy', 1000, 256, '[\'Array\', \'Bit Manipulation\']'),
(42, '1791_FINCEN', '1791', 'https://leetcode.com/problems/find-center-of-star-graph/description', 'Find Center of Star Graph', 'arr', 'Imported from LeetCode', 'Easy', 1000, 256, '[\'Graph\']'),
(43, '1281_SUBTHE', '1281', 'https://leetcode.com/problems/subtract-the-product-and-sum-of-digits-of-an-integer/description', 'Subtract the Product and Sum of Digits of an Integer', 'arr', 'Imported from LeetCode', 'Easy', 1000, 256, '[\'Math\']'),
(44, '3065_MINOPE', '3065', 'https://leetcode.com/problems/minimum-operations-to-exceed-threshold-value-i/description', 'Minimum Operations to Exceed Threshold Value I', 'arr', 'Imported from LeetCode', 'Easy', 1000, 256, '[\'Array\']'),
(45, '1221_SPLAZS', '1221', 'https://leetcode.com/problems/split-a-string-in-balanced-strings/description', 'Split a String in Balanced Strings', 'arr', 'Imported from LeetCode', 'Easy', 1000, 256, '[\'String\', \'Greedy\', \'Counting\']'),
(46, '1486_XOROPE', '1486', 'https://leetcode.com/problems/xor-operation-in-an-array/description', 'XOR Operation in an Array', 'arr', 'Imported from LeetCode', 'Easy', 1000, 256, '[\'Math\', \'Bit Manipulation\']'),
(47, '2160_MINSUM', '2160', 'https://leetcode.com/problems/minimum-sum-of-four-digit-number-after-splitting-digits/description', 'Minimum Sum of Four Digit Number After Splitting Digits', 'arr', 'Imported from LeetCode', 'Easy', 1000, 256, '[\'Math\', \'Greedy\', \'Sorting\']'),
(48, '2000_REVPRE', '2000', 'https://leetcode.com/problems/reverse-prefix-of-word/description', 'Reverse Prefix of Word', 'arr', 'Imported from LeetCode', 'Easy', 1000, 256, '[\'Two Pointers\', \'String\', \'Stack\']'),
(49, '1389_CRETAR', '1389', 'https://leetcode.com/problems/create-target-array-in-the-given-order/description', 'Create Target Array in the Given Order', 'arr', 'Imported from LeetCode', 'Easy', 1000, 256, '[\'Array\', \'Simulation\']'),
(50, '2974_MINNUM', '2974', 'https://leetcode.com/problems/minimum-number-game/description', 'Minimum Number Game', 'arr', 'Imported from LeetCode', 'Easy', 1000, 256, '[\'Array\', \'Sorting\', \'2+\']'),
(51, '1313_DECRUN', '1313', 'https://leetcode.com/problems/decompress-run-length-encoded-list/description', 'Decompress Run-Length Encoded List', 'arr', 'Imported from LeetCode', 'Easy', 1000, 256, '[\'Array\']'),
(52, '3063_LINLIS', '3063', 'https://leetcode.com/problems/linked-list-frequency/description', 'Linked List Frequency', 'arr', 'Imported from LeetCode', 'Easy', 1000, 256, '[\'Hash Table\', \'Linked List\', \'Counting\']'),
(53, '1379_FINAZC', '1379', 'https://leetcode.com/problems/find-a-corresponding-node-of-a-binary-tree-in-a-clone-of-that-tree/description', 'Find a Corresponding Node of a Binary Tree in a Clone of That Tree', 'arr', 'Imported from LeetCode', 'Easy', 1000, 256, '[\'Tree\', \'Depth-First Search\', \'2+\']'),
(54, '1816_TRUSEN', '1816', 'https://leetcode.com/problems/truncate-sentence/description', 'Truncate Sentence', 'arr', 'Imported from LeetCode', 'Easy', 1000, 256, '[\'Array\', \'String\']'),
(55, '1688_COUOFZ', '1688', 'https://leetcode.com/problems/count-of-matches-in-tournament/description', 'Count of Matches in Tournament', 'arr', 'Imported from LeetCode', 'Easy', 1000, 256, '[\'Math\', \'Simulation\']'),
(56, '2652_SUMMUL', '2652', 'https://leetcode.com/problems/sum-multiples/description', 'Sum Multiples', 'arr', 'Imported from LeetCode', 'Easy', 1000, 256, '[\'Math\']'),
(57, '1662_CHEIFZ', '1662', 'https://leetcode.com/problems/check-if-two-string-arrays-are-equivalent/description', 'Check If Two String Arrays are Equivalent', 'arr', 'Imported from LeetCode', 'Easy', 1000, 256, '[\'Array\', \'String\']'),
(58, '3194_MINAVE', '3194', 'https://leetcode.com/problems/minimum-average-of-smallest-and-largest-elements/description', 'Minimum Average of Smallest and Largest Elements', 'arr', 'Imported from LeetCode', 'Easy', 1000, 256, '[\'Array\', \'Two Pointers\', \'Sorting\']'),
(59, '1342_NUMOFZ', '1342', 'https://leetcode.com/problems/number-of-steps-to-reduce-a-number-to-zero/description', 'Number of Steps to Reduce a Number to Zero', 'arr', 'Imported from LeetCode', 'Easy', 1000, 256, '[\'Math\', \'Bit Manipulation\']'),
(60, '2728_COUHOU', '2728', 'https://leetcode.com/problems/count-houses-in-a-circular-street/description', 'Count Houses in a Circular Street', 'arr', 'Imported from LeetCode', 'Easy', 1000, 256, '[\'Array\', \'Interactive\']'),
(61, '2520_COUTHE', '2520', 'https://leetcode.com/problems/count-the-digits-that-divide-a-number/description', 'Count the Digits That Divide a Number', 'arr', 'Imported from LeetCode', 'Easy', 1000, 256, '[\'Math\']'),
(62, '2418_SORTHE', '2418', 'https://leetcode.com/problems/sort-the-people/description', 'Sort the People', 'arr', 'Imported from LeetCode', 'Easy', 1000, 256, '[\'Array\', \'Hash Table\', \'String\', \'1+\']'),
(63, '1528_SHUSTR', '1528', 'https://leetcode.com/problems/shuffle-string/description', 'Shuffle String', 'arr', 'Imported from LeetCode', 'Easy', 1000, 256, '[\'Array\', \'String\']'),
(64, '2325_DECTHE', '2325', 'https://leetcode.com/problems/decode-the-message/description', 'Decode the Message', 'arr', 'Imported from LeetCode', 'Easy', 1000, 256, '[\'Hash Table\', \'String\']'),
(65, '2236_ROOEQU', '2236', 'https://leetcode.com/problems/root-equals-sum-of-children/description', 'Root Equals Sum of Children', 'arr', 'Imported from LeetCode', 'Easy', 1000, 256, '[\'Tree\', \'Binary Tree\']'),
(66, '2535_DIFBET', '2535', 'https://leetcode.com/problems/difference-between-element-sum-and-digit-sum-of-an-array/description', 'Difference Between Element Sum and Digit Sum of an Array', 'arr', 'Imported from LeetCode', 'Easy', 1000, 256, '[\'Array\', \'Math\']'),
(67, '1773_COUITE', '1773', 'https://leetcode.com/problems/count-items-matching-a-rule/description', 'Count Items Matching a Rule', 'arr', 'Imported from LeetCode', 'Easy', 1000, 256, '[\'Array\', \'String\']'),
(68, '2367_NUMOFZ', '2367', 'https://leetcode.com/problems/number-of-arithmetic-triplets/description', 'Number of Arithmetic Triplets', 'arr', 'Imported from LeetCode', 'Easy', 1000, 256, '[\'Array\', \'Hash Table\', \'Two Pointers\', \'1+\']'),
(69, '3199_COUTRI', '3199', 'https://leetcode.com/problems/count-triplets-with-even-xor-set-bits-i/description', 'Count Triplets with Even XOR Set Bits I', 'arr', 'Imported from LeetCode', 'Easy', 1000, 256, '[\'Array\', \'Bit Manipulation\']'),
(70, '1656_DESANZ', '1656', 'https://leetcode.com/problems/design-an-ordered-stream/description', 'Design an Ordered Stream', 'arr', 'Imported from LeetCode', 'Easy', 1000, 256, '[\'Array\', \'Hash Table\', \'Design\', \'1+\']'),
(71, '2810_FAUKEY', '2810', 'https://leetcode.com/problems/faulty-keyboard/description', 'Faulty Keyboard', 'arr', 'Imported from LeetCode', 'Easy', 1000, 256, '[\'String\', \'Simulation\']'),
(72, '2956_FINCOM', '2956', 'https://leetcode.com/problems/find-common-elements-between-two-arrays/description', 'Find Common Elements Between Two Arrays', 'arr', 'Imported from LeetCode', 'Easy', 1000, 256, '[\'Array\', \'Hash Table\']'),
(73, '1021_REMOUT', '1021', 'https://leetcode.com/problems/remove-outermost-parentheses/description', 'Remove Outermost Parentheses', 'arr', 'Imported from LeetCode', 'Easy', 1000, 256, '[\'String\', \'Stack\']'),
(74, '2194_CELINZ', '2194', 'https://leetcode.com/problems/cells-in-a-range-on-an-excel-sheet/description', 'Cells in a Range on an Excel Sheet', 'arr', 'Imported from LeetCode', 'Easy', 1000, 256, '[\'String\']'),
(75, '1614_MAXNES', '1614', 'https://leetcode.com/problems/maximum-nesting-depth-of-the-parentheses/description', 'Maximum Nesting Depth of the Parentheses', 'arr', 'Imported from LeetCode', 'Easy', 1000, 256, '[\'String\', \'Stack\']'),
(76, '2485_FINTHE', '2485', 'https://leetcode.com/problems/find-the-pivot-integer/description', 'Find the Pivot Integer', 'arr', 'Imported from LeetCode', 'Easy', 1000, 256, '[\'Math\', \'Prefix Sum\']'),
(77, '709_TOZLOW', '709', 'https://leetcode.com/problems/to-lower-case/description', 'To Lower Case', 'arr', 'Imported from LeetCode', 'Easy', 1000, 256, '[\'String\']'),
(78, '1469_FINALL', '1469', 'https://leetcode.com/problems/find-all-the-lonely-nodes/description', 'Find All The Lonely Nodes', 'arr', 'Imported from LeetCode', 'Easy', 1000, 256, '[\'Tree\', \'Depth-First Search\', \'2+\']'),
(79, '760_FINANA', '760', 'https://leetcode.com/problems/find-anagram-mappings/description', 'Find Anagram Mappings', 'arr', 'Imported from LeetCode', 'Easy', 1000, 256, '[\'Array\', \'Hash Table\']'),
(80, '3300_MINELE', '3300', 'https://leetcode.com/problems/minimum-element-after-replacement-with-digit-sum/description', 'Minimum Element After Replacement With Digit Sum', 'arr', 'Imported from LeetCode', 'Easy', 1000, 256, '[\'Array\', \'Math\']'),
(81, '1732_FINTHE', '1732', 'https://leetcode.com/problems/find-the-highest-altitude/description', 'Find the Highest Altitude', 'arr', 'Imported from LeetCode', 'Easy', 1000, 256, '[\'Array\', \'Prefix Sum\']'),
(82, '1832_CHEIFZ', '1832', 'https://leetcode.com/problems/check-if-the-sentence-is-pangram/description', 'Check if the Sentence Is Pangram', 'arr', 'Imported from LeetCode', 'Easy', 1000, 256, '[\'Hash Table\', \'String\']'),
(83, '1859_SORTHE', '1859', 'https://leetcode.com/problems/sorting-the-sentence/description', 'Sorting the Sentence', 'arr', 'Imported from LeetCode', 'Easy', 1000, 256, '[\'String\', \'Sorting\']'),
(84, '557_REVWOR', '557', 'https://leetcode.com/problems/reverse-words-in-a-string-iii/description', 'Reverse Words in a String III', 'arr', 'Imported from LeetCode', 'Easy', 1000, 256, '[\'Two Pointers\', \'String\']'),
(85, '1588_SUMOFZ', '1588', 'https://leetcode.com/problems/sum-of-all-odd-length-subarrays/description', 'Sum of All Odd Length Subarrays', 'arr', 'Imported from LeetCode', 'Easy', 1000, 256, '[\'Array\', \'Math\', \'Prefix Sum\']'),
(86, '3232_FINIFZ', '3232', 'https://leetcode.com/problems/find-if-digit-game-can-be-won/description', 'Find if Digit Game Can Be Won', 'arr', 'Imported from LeetCode', 'Easy', 1000, 256, '[\'Array\', \'Math\']'),
(87, '1572_MATDIA', '1572', 'https://leetcode.com/problems/matrix-diagonal-sum/description', 'Matrix Diagonal Sum', 'arr', 'Imported from LeetCode', 'Easy', 1000, 256, '[\'Array\', \'Matrix\']'),
(88, '2828_CHEIFZ', '2828', 'https://leetcode.com/problems/check-if-a-string-is-an-acronym-of-words/description', 'Check if a String Is an Acronym of Words', 'arr', 'Imported from LeetCode', 'Easy', 1000, 256, '[\'Array\', \'String\']'),
(89, '2864_MAXODD', '2864', 'https://leetcode.com/problems/maximum-odd-binary-number/description', 'Maximum Odd Binary Number', 'arr', 'Imported from LeetCode', 'Easy', 1000, 256, '[\'Math\', \'String\', \'Greedy\']'),
(90, '3242_DESNEI', '3242', 'https://leetcode.com/problems/design-neighbor-sum-service/description', 'Design Neighbor Sum Service', 'arr', 'Imported from LeetCode', 'Easy', 1000, 256, '[\'Array\', \'Hash Table\', \'Design\', \'2+\']'),
(91, '804_UNIMOR', '804', 'https://leetcode.com/problems/unique-morse-code-words/description', 'Unique Morse Code Words', 'arr', 'Imported from LeetCode', 'Easy', 1000, 256, '[\'Array\', \'Hash Table\', \'String\']'),
(92, '1464_MAXPRO', '1464', 'https://leetcode.com/problems/maximum-product-of-two-elements-in-an-array/description', 'Maximum Product of Two Elements in an Array', 'arr', 'Imported from LeetCode', 'Easy', 1000, 256, '[\'Array\', \'Sorting\', \'Heap (Priority Queue)\']'),
(93, '3099_HARNUM', '3099', 'https://leetcode.com/problems/harshad-number/description', 'Harshad Number', 'arr', 'Imported from LeetCode', 'Easy', 1000, 256, '[\'Math\']'),
(94, '2913_SUBDIS', '2913', 'https://leetcode.com/problems/subarrays-distinct-element-sum-of-squares-i/description', 'Subarrays Distinct Element Sum of Squares I', 'arr', 'Imported from LeetCode', 'Easy', 1000, 256, '[\'Array\', \'Hash Table\']'),
(95, '1913_MAXPRO', '1913', 'https://leetcode.com/problems/maximum-product-difference-between-two-pairs/description', 'Maximum Product Difference Between Two Pairs', 'arr', 'Imported from LeetCode', 'Easy', 1000, 256, '[\'Array\', \'Sorting\']'),
(96, '2331_EVABOO', '2331', 'https://leetcode.com/problems/evaluate-boolean-binary-tree/description', 'Evaluate Boolean Binary Tree', 'arr', 'Imported from LeetCode', 'Easy', 1000, 256, '[\'Tree\', \'Depth-First Search\', \'Binary Tree\']'),
(97, '2656_MAXSUM', '2656', 'https://leetcode.com/problems/maximum-sum-with-exactly-k-elements/description', 'Maximum Sum With Exactly K Elements', 'arr', 'Imported from LeetCode', 'Easy', 1000, 256, '[\'Array\', \'Greedy\']'),
(98, '3248_SNAINZ', '3248', 'https://leetcode.com/problems/snake-in-matrix/description', 'Snake in Matrix', 'arr', 'Imported from LeetCode', 'Easy', 1000, 256, '[\'Array\', \'String\', \'Simulation\']'),
(99, '832_FLIANZ', '832', 'https://leetcode.com/problems/flipping-an-image/description', 'Flipping an Image', 'arr', 'Imported from LeetCode', 'Easy', 1000, 256, '[\'Array\', \'Two Pointers\', \'3+\']'),
(100, '1323_MAX69Z', '1323', 'https://leetcode.com/problems/maximum-69-number/description', 'Maximum 69 Number', 'arr', 'Imported from LeetCode', 'Easy', 1000, 256, '[\'Math\', \'Greedy\']'),
(101, '1266_MINTIM', '1266', 'https://leetcode.com/problems/minimum-time-visiting-all-points/description', 'Minimum Time Visiting All Points', 'arr', 'Imported from LeetCode', 'Easy', 1000, 256, '[\'Array\', \'Math\', \'Geometry\']'),
(102, '3131_FINTHE', '3131', 'https://leetcode.com/problems/find-the-integer-added-to-array-i/description', 'Find the Integer Added to Array I', 'arr', 'Imported from LeetCode', 'Easy', 1000, 256, '[\'Array\']'),
(103, '2315_COUAST', '2315', 'https://leetcode.com/problems/count-asterisks/description', 'Count Asterisks', 'arr', 'Imported from LeetCode', 'Easy', 1000, 256, '[\'String\']'),
(104, '2697_LEXSMA', '2697', 'https://leetcode.com/problems/lexicographically-smallest-palindrome/description', 'Lexicographically Smallest Palindrome', 'arr', 'Imported from LeetCode', 'Easy', 1000, 256, '[\'Two Pointers\', \'String\', \'Greedy\']'),
(105, '2053_KTHDIS', '2053', 'https://leetcode.com/problems/kth-distinct-string-in-an-array/description', 'Kth Distinct String in an Array', 'arr', 'Imported from LeetCode', 'Easy', 1000, 256, '[\'Array\', \'Hash Table\', \'String\', \'1+\']'),
(106, '2744_FINMAX', '2744', 'https://leetcode.com/problems/find-maximum-number-of-string-pairs/description', 'Find Maximum Number of String Pairs', 'arr', 'Imported from LeetCode', 'Easy', 1000, 256, '[\'Array\', \'Hash Table\', \'String\', \'1+\']'),
(107, '2778_SUMOFZ', '2778', 'https://leetcode.com/problems/sum-of-squares-of-special-elements/description', 'Sum of Squares of Special Elements', 'arr', 'Imported from LeetCode', 'Easy', 1000, 256, '[\'Array\', \'Enumeration\']'),
(108, '3158_FINTHE', '3158', 'https://leetcode.com/problems/find-the-xor-of-numbers-which-appear-twice/description', 'Find the XOR of Numbers Which Appear Twice', 'arr', 'Imported from LeetCode', 'Easy', 1000, 256, '[\'Array\', \'Hash Table\', \'Bit Manipulation\']'),
(109, '3264_FINARR', '3264', 'https://leetcode.com/problems/final-array-state-after-k-multiplication-operations-i/description', 'Final Array State After K Multiplication Operations I', 'arr', 'Imported from LeetCode', 'Easy', 1000, 256, '[\'Array\', \'Math\', \'2+\']'),
(110, '1844_REPALL', '1844', 'https://leetcode.com/problems/replace-all-digits-with-characters/description', 'Replace All Digits with Characters', 'arr', 'Imported from LeetCode', 'Easy', 1000, 256, '[\'String\']'),
(111, '2678_NUMOFZ', '2678', 'https://leetcode.com/problems/number-of-senior-citizens/description', 'Number of Senior Citizens', 'arr', 'Imported from LeetCode', 'Easy', 1000, 256, '[\'Array\', \'String\']'),
(112, '1534_COUGOO', '1534', 'https://leetcode.com/problems/count-good-triplets/description', 'Count Good Triplets', 'arr', 'Imported from LeetCode', 'Easy', 1000, 256, '[\'Array\', \'Enumeration\']'),
(113, '1967_NUMOFZ', '1967', 'https://leetcode.com/problems/number-of-strings-that-appear-as-substrings-in-word/description', 'Number of Strings That Appear as Substrings in Word', 'arr', 'Imported from LeetCode', 'Easy', 1000, 256, '[\'Array\', \'String\']'),
(114, '1290_CONBIN', '1290', 'https://leetcode.com/problems/convert-binary-number-in-a-linked-list-to-integer/description', 'Convert Binary Number in a Linked List to Integer', 'arr', 'Imported from LeetCode', 'Easy', 1000, 256, '[\'Linked List\', \'Math\']'),
(115, '3019_NUMOFZ', '3019', 'https://leetcode.com/problems/number-of-changing-keys/description', 'Number of Changing Keys', 'arr', 'Imported from LeetCode', 'Easy', 1000, 256, '[\'String\']'),
(116, '1768_MERSTR', '1768', 'https://leetcode.com/problems/merge-strings-alternately/description', 'Merge Strings Alternately', 'arr', 'Imported from LeetCode', 'Easy', 1000, 256, '[\'Two Pointers\', \'String\']'),
(117, '1051_HEICHE', '1051', 'https://leetcode.com/problems/height-checker/description', 'Height Checker', 'arr', 'Imported from LeetCode', 'Easy', 1000, 256, '[\'Array\', \'Sorting\', \'Counting Sort\']'),
(118, '2960_COUTES', '2960', 'https://leetcode.com/problems/count-tested-devices-after-test-operations/description', 'Count Tested Devices After Test Operations', 'arr', 'Imported from LeetCode', 'Easy', 1000, 256, '[\'Array\', \'Simulation\', \'Counting\']'),
(119, '3168_MINNUM', '3168', 'https://leetcode.com/problems/minimum-number-of-chairs-in-a-waiting-room/description', 'Minimum Number of Chairs in a Waiting Room', 'arr', 'Imported from LeetCode', 'Easy', 1000, 256, '[\'String\', \'Simulation\']'),
(120, '700_SEAINZ', '700', 'https://leetcode.com/problems/search-in-a-binary-search-tree/description', 'Search in a Binary Search Tree', 'arr', 'Imported from LeetCode', 'Easy', 1000, 256, '[\'Tree\', \'Binary Search Tree\', \'Binary Tree\']'),
(121, '1827_MINOPE', '1827', 'https://leetcode.com/problems/minimum-operations-to-make-the-array-increasing/description', 'Minimum Operations to Make the Array Increasing', 'arr', 'Imported from LeetCode', 'Easy', 1000, 256, '[\'Array\', \'Greedy\']'),
(122, '590_N-ATRE', '590', 'https://leetcode.com/problems/n-ary-tree-postorder-traversal/description', 'N-ary Tree Postorder Traversal', 'arr', 'Imported from LeetCode', 'Easy', 1000, 256, '[\'Stack\', \'Tree\', \'Depth-First Search\']'),
(123, '1180_COUSUB', '1180', 'https://leetcode.com/problems/count-substrings-with-only-one-distinct-letter/description', 'Count Substrings with Only One Distinct Letter', 'arr', 'Imported from LeetCode', 'Easy', 1000, 256, '[\'Math\', \'String\']'),
(124, '3258_COUSUB', '3258', 'https://leetcode.com/problems/count-substrings-that-satisfy-k-constraint-i/description', 'Count Substrings That Satisfy K-Constraint I', 'arr', 'Imported from LeetCode', 'Easy', 1000, 256, '[\'String\', \'Sliding Window\']'),
(125, '1309_DECSTR', '1309', 'https://leetcode.com/problems/decrypt-string-from-alphabet-to-integer-mapping/description', 'Decrypt String from Alphabet to Integer Mapping', 'arr', 'Imported from LeetCode', 'Easy', 1000, 256, '[\'String\']'),
(126, '1636_SORARR', '1636', 'https://leetcode.com/problems/sort-array-by-increasing-frequency/description', 'Sort Array by Increasing Frequency', 'arr', 'Imported from LeetCode', 'Easy', 1000, 256, '[\'Array\', \'Hash Table\', \'Sorting\']'),
(127, '1380_LUCNUM', '1380', 'https://leetcode.com/problems/lucky-numbers-in-a-matrix/description', 'Lucky Numbers in a Matrix', 'arr', 'Imported from LeetCode', 'Easy', 1000, 256, '[\'Array\', \'Matrix\']'),
(128, '3062_WINOFZ', '3062', 'https://leetcode.com/problems/winner-of-the-linked-list-game/description', 'Winner of the Linked List Game', 'arr', 'Imported from LeetCode', 'Easy', 1000, 256, '[\'Linked List\']'),
(129, '1213_INTOFZ', '1213', 'https://leetcode.com/problems/intersection-of-three-sorted-arrays/description', 'Intersection of Three Sorted Arrays', 'arr', 'Imported from LeetCode', 'Easy', 1000, 256, '[\'Array\', \'Hash Table\', \'Binary Search\', \'1+\']'),
(130, '2215_FINTHE', '2215', 'https://leetcode.com/problems/find-the-difference-of-two-arrays/description', 'Find the Difference of Two Arrays', 'arr', 'Imported from LeetCode', 'Easy', 1000, 256, '[\'Array\', \'Hash Table\']'),
(131, '2553_SEPTHE', '2553', 'https://leetcode.com/problems/separate-the-digits-in-an-array/description', 'Separate the Digits in an Array', 'arr', 'Imported from LeetCode', 'Easy', 1000, 256, '[\'Array\', \'Simulation\']'),
(132, '561_ARRPAR', '561', 'https://leetcode.com/problems/array-partition/description', 'Array Partition', 'arr', 'Imported from LeetCode', 'Easy', 1000, 256, '[\'Array\', \'Greedy\', \'Sorting\', \'1+\']'),
(133, '2176_COUEQU', '2176', 'https://leetcode.com/problems/count-equal-and-divisible-pairs-in-an-array/description', 'Count Equal and Divisible Pairs in an Array', 'arr', 'Imported from LeetCode', 'Easy', 1000, 256, '[\'Array\']'),
(134, '876_MIDOFZ', '876', 'https://leetcode.com/problems/middle-of-the-linked-list/description', 'Middle of the Linked List', 'arr', 'Imported from LeetCode', 'Easy', 1000, 256, '[\'Linked List\', \'Two Pointers\']'),
(135, '1436_DESCIT', '1436', 'https://leetcode.com/problems/destination-city/description', 'Destination City', 'arr', 'Imported from LeetCode', 'Easy', 1000, 256, '[\'Array\', \'Hash Table\', \'String\']'),
(136, '942_DIZSTR', '942', 'https://leetcode.com/problems/di-string-match/description', 'DI String Match', 'arr', 'Imported from LeetCode', 'Easy', 1000, 256, '[\'Array\', \'Two Pointers\', \'String\', \'1+\']'),
(137, '3184_COUPAI', '3184', 'https://leetcode.com/problems/count-pairs-that-form-a-complete-day-i/description', 'Count Pairs That Form a Complete Day I', 'arr', 'Imported from LeetCode', 'Easy', 1000, 256, '[\'Array\', \'Hash Table\', \'Counting\']'),
(138, '2427_NUMOFZ', '2427', 'https://leetcode.com/problems/number-of-common-factors/description', 'Number of Common Factors', 'arr', 'Imported from LeetCode', 'Easy', 1000, 256, '[\'Math\', \'Enumeration\', \'Number Theory\']'),
(139, '617_MERTWO', '617', 'https://leetcode.com/problems/merge-two-binary-trees/description', 'Merge Two Binary Trees', 'arr', 'Imported from LeetCode', 'Easy', 1000, 256, '[\'Tree\', \'Depth-First Search\', \'2+\']'),
(140, '344_REVSTR', '344', 'https://leetcode.com/problems/reverse-string/description', 'Reverse String', 'arr', 'Imported from LeetCode', 'Easy', 1000, 256, '[\'Two Pointers\', \'String\']'),
(141, '728_SELDIV', '728', 'https://leetcode.com/problems/self-dividing-numbers/description', 'Self Dividing Numbers', 'arr', 'Imported from LeetCode', 'Easy', 1000, 256, '[\'Math\']'),
(142, '346_MOVAVE', '346', 'https://leetcode.com/problems/moving-average-from-data-stream/description', 'Moving Average from Data Stream', 'arr', 'Imported from LeetCode', 'Easy', 1000, 256, '[\'Array\', \'Design\', \'Queue\', \'1+\']'),
(143, '338_COUBIT', '338', 'https://leetcode.com/problems/counting-bits/description', 'Counting Bits', 'arr', 'Imported from LeetCode', 'Easy', 1000, 256, '[\'Dynamic Programming\', \'Bit Manipulation\']'),
(144, '2710_REMTRA', '2710', 'https://leetcode.com/problems/remove-trailing-zeros-from-a-string/description', 'Remove Trailing Zeros From a String', 'arr', 'Imported from LeetCode', 'Easy', 1000, 256, '[\'String\']'),
(145, '1252_CELWIT', '1252', 'https://leetcode.com/problems/cells-with-odd-values-in-a-matrix/description', 'Cells with Odd Values in a Matrix', 'arr', 'Imported from LeetCode', 'Easy', 1000, 256, '[\'Array\', \'Math\', \'Simulation\']'),
(146, '1725_NUMOFZ', '1725', 'https://leetcode.com/problems/number-of-rectangles-that-can-form-the-largest-square/description', 'Number Of Rectangles That Can Form The Largest Square', 'arr', 'Imported from LeetCode', 'Easy', 1000, 256, '[\'Array\']'),
(147, '1812_DETCOL', '1812', 'https://leetcode.com/problems/determine-color-of-a-chessboard-square/description', 'Determine Color of a Chessboard Square', 'arr', 'Imported from LeetCode', 'Easy', 1000, 256, '[\'Math\', \'String\']'),
(148, '1475_FINPRI', '1475', 'https://leetcode.com/problems/final-prices-with-a-special-discount-in-a-shop/description', 'Final Prices With a Special Discount in a Shop', 'arr', 'Imported from LeetCode', 'Easy', 1000, 256, '[\'Array\', \'Stack\', \'Monotonic Stack\']'),
(149, '1704_DETIFZ', '1704', 'https://leetcode.com/problems/determine-if-string-halves-are-alike/description', 'Determine if String Halves Are Alike', 'arr', 'Imported from LeetCode', 'Easy', 1000, 256, '[\'String\', \'Counting\']'),
(150, '3005_COUELE', '3005', 'https://leetcode.com/problems/count-elements-with-maximum-frequency/description', 'Count Elements With Maximum Frequency', 'arr', 'Imported from LeetCode', 'Easy', 1000, 256, '[\'Array\', \'Hash Table\', \'Counting\']'),
(151, '2500_DELGRE', '2500', 'https://leetcode.com/problems/delete-greatest-value-in-each-row/description', 'Delete Greatest Value in Each Row', 'arr', 'Imported from LeetCode', 'Easy', 1000, 256, '[\'Array\', \'Sorting\', \'3+\']'),
(152, '897_INCORD', '897', 'https://leetcode.com/problems/increasing-order-search-tree/description', 'Increasing Order Search Tree', 'arr', 'Imported from LeetCode', 'Easy', 1000, 256, '[\'Stack\', \'Tree\', \'Depth-First Search\', \'2+\']'),
(153, '1356_SORINT', '1356', 'https://leetcode.com/problems/sort-integers-by-the-number-of-1-bits/description', 'Sort Integers by The Number of 1 Bits', 'arr', 'Imported from LeetCode', 'Easy', 1000, 256, '[\'Array\', \'Bit Manipulation\', \'Sorting\', \'1+\']'),
(154, '1748_SUMOFZ', '1748', 'https://leetcode.com/problems/sum-of-unique-elements/description', 'Sum of Unique Elements', 'arr', 'Imported from LeetCode', 'Easy', 1000, 256, '[\'Array\', \'Hash Table\', \'Counting\']'),
(155, '1700_NUMOFZ', '1700', 'https://leetcode.com/problems/number-of-students-unable-to-eat-lunch/description', 'Number of Students Unable to Eat Lunch', 'arr', 'Imported from LeetCode', 'Easy', 1000, 256, '[\'Array\', \'Stack\', \'Queue\', \'1+\']'),
(156, '2185_COUWOR', '2185', 'https://leetcode.com/problems/counting-words-with-a-given-prefix/description', 'Counting Words With a Given Prefix', 'arr', 'Imported from LeetCode', 'Easy', 1000, 256, '[\'Array\', \'String\', \'String Matching\']'),
(157, '1716_CALMON', '1716', 'https://leetcode.com/problems/calculate-money-in-leetcode-bank/description', 'Calculate Money in Leetcode Bank', 'arr', 'Imported from LeetCode', 'Easy', 1000, 256, '[\'Math\']'),
(158, '1979_FINGRE', '1979', 'https://leetcode.com/problems/find-greatest-common-divisor-of-array/description', 'Find Greatest Common Divisor of Array', 'arr', 'Imported from LeetCode', 'Easy', 1000, 256, '[\'Array\', \'Math\', \'Number Theory\']'),
(159, '2670_FINTHE', '2670', 'https://leetcode.com/problems/find-the-distinct-difference-array/description', 'Find the Distinct Difference Array', 'arr', 'Imported from LeetCode', 'Easy', 1000, 256, '[\'Array\', \'Hash Table\']'),
(160, '1941_CHEIFZ', '1941', 'https://leetcode.com/problems/check-if-all-characters-have-equal-number-of-occurrences/description', 'Check if All Characters Have Equal Number of Occurrences', 'arr', 'Imported from LeetCode', 'Easy', 1000, 256, '[\'Hash Table\', \'String\', \'Counting\']'),
(161, '2651_CALDEL', '2651', 'https://leetcode.com/problems/calculate-delayed-arrival-time/description', 'Calculate Delayed Arrival Time', 'arr', 'Imported from LeetCode', 'Easy', 1000, 256, '[\'Math\']'),
(162, '1374_GENAZS', '1374', 'https://leetcode.com/problems/generate-a-string-with-characters-that-have-odd-counts/description', 'Generate a String With Characters That Have Odd Counts', 'arr', 'Imported from LeetCode', 'Easy', 1000, 256, '[\'String\']'),
(163, '226_INVBIN', '226', 'https://leetcode.com/problems/invert-binary-tree/description', 'Invert Binary Tree', 'arr', 'Imported from LeetCode', 'Easy', 1000, 256, '[\'Tree\', \'Depth-First Search\', \'2+\']'),
(164, '206_REVLIN', '206', 'https://leetcode.com/problems/reverse-linked-list/description', 'Reverse Linked List', 'arr', 'Imported from LeetCode', 'Easy', 1000, 256, '[\'Linked List\', \'Recursion\']'),
(165, '2696_MINSTR', '2696', 'https://leetcode.com/problems/minimum-string-length-after-removing-substrings/description', 'Minimum String Length After Removing Substrings', 'arr', 'Imported from LeetCode', 'Easy', 1000, 256, '[\'String\', \'Stack\', \'Simulation\']'),
(166, '1134_ARMNUM', '1134', 'https://leetcode.com/problems/armstrong-number/description', 'Armstrong Number', 'arr', 'Imported from LeetCode', 'Easy', 1000, 256, '[\'Math\']'),
(167, '1207_UNINUM', '1207', 'https://leetcode.com/problems/unique-number-of-occurrences/description', 'Unique Number of Occurrences', 'arr', 'Imported from LeetCode', 'Easy', 1000, 256, '[\'Array\', \'Hash Table\']'),
(168, '1837_SUMOFZ', '1837', 'https://leetcode.com/problems/sum-of-digits-in-base-k/description', 'Sum of Digits in Base K', 'arr', 'Imported from LeetCode', 'Easy', 1000, 256, '[\'Math\']'),
(169, '1351_COUNEG', '1351', 'https://leetcode.com/problems/count-negative-numbers-in-a-sorted-matrix/description', 'Count Negative Numbers in a Sorted Matrix', 'arr', 'Imported from LeetCode', 'Easy', 1000, 256, '[\'Array\', \'Binary Search\', \'Matrix\']'),
(170, '1295_FINNUM', '1295', 'https://leetcode.com/problems/find-numbers-with-even-number-of-digits/description', 'Find Numbers with Even Number of Digits', 'arr', 'Imported from LeetCode', 'Easy', 1000, 256, '[\'Array\', \'Math\']'),
(171, '682_BASGAM', '682', 'https://leetcode.com/problems/baseball-game/description', 'Baseball Game', 'arr', 'Imported from LeetCode', 'Easy', 1000, 256, '[\'Array\', \'Stack\', \'Simulation\']'),
(172, '94_BINTRE', '94', 'https://leetcode.com/problems/binary-tree-inorder-traversal/description', 'Binary Tree Inorder Traversal', 'arr', 'Imported from LeetCode', 'Easy', 1000, 256, '[\'Stack\', \'Tree\', \'Depth-First Search\', \'1+\']'),
(173, '961_N-RELE', '961', 'https://leetcode.com/problems/n-repeated-element-in-size-2n-array/description', 'N-Repeated Element in Size 2N Array', 'arr', 'Imported from LeetCode', 'Easy', 1000, 256, '[\'Array\', \'Hash Table\']'),
(174, '2716_MINSTR', '2716', 'https://leetcode.com/problems/minimize-string-length/description', 'Minimize String Length', 'arr', 'Imported from LeetCode', 'Easy', 1000, 256, '[\'Hash Table\', \'String\']'),
(175, '2089_FINTAR', '2089', 'https://leetcode.com/problems/find-target-indices-after-sorting-array/description', 'Find Target Indices After Sorting Array', 'arr', 'Imported from LeetCode', 'Easy', 1000, 256, '[\'Array\', \'Binary Search\', \'Sorting\']'),
(176, '3270_FINTHE', '3270', 'https://leetcode.com/problems/find-the-key-of-the-numbers/description', 'Find the Key of the Numbers', 'arr', 'Imported from LeetCode', 'Easy', 1000, 256, '[\'Math\']'),
(177, '2932_MAXSTR', '2932', 'https://leetcode.com/problems/maximum-strong-pair-xor-i/description', 'Maximum Strong Pair XOR I', 'arr', 'Imported from LeetCode', 'Easy', 1000, 256, '[\'Array\', \'Hash Table\', \'3+\']'),
(178, '1370_INCDEC', '1370', 'https://leetcode.com/problems/increasing-decreasing-string/description', 'Increasing Decreasing String', 'arr', 'Imported from LeetCode', 'Easy', 1000, 256, '[\'Hash Table\', \'String\', \'Counting\']'),
(179, '1085_SUMOFZ', '1085', 'https://leetcode.com/problems/sum-of-digits-in-the-minimum-number/description', 'Sum of Digits in the Minimum Number', 'arr', 'Imported from LeetCode', 'Easy', 1000, 256, '[\'Array\', \'Math\']'),
(180, '2733_NEIMIN', '2733', 'https://leetcode.com/problems/neither-minimum-nor-maximum/description', 'Neither Minimum nor Maximum', 'arr', 'Imported from LeetCode', 'Easy', 1000, 256, '[\'Array\', \'Sorting\']'),
(181, '1332_REMPAL', '1332', 'https://leetcode.com/problems/remove-palindromic-subsequences/description', 'Remove Palindromic Subsequences', 'arr', 'Imported from LeetCode', 'Easy', 1000, 256, '[\'Two Pointers\', \'String\']'),
(182, '933_NUMOFZ', '933', 'https://leetcode.com/problems/number-of-recent-calls/description', 'Number of Recent Calls', 'arr', 'Imported from LeetCode', 'Easy', 1000, 256, '[\'Design\', \'Queue\', \'Data Stream\']'),
(183, '2928_DISCAN', '2928', 'https://leetcode.com/problems/distribute-candies-among-children-i/description', 'Distribute Candies Among Children I', 'arr', 'Imported from LeetCode', 'Easy', 1000, 256, '[\'Math\', \'Combinatorics\', \'Enumeration\']'),
(184, '2965_FINMIS', '2965', 'https://leetcode.com/problems/find-missing-and-repeated-values/description', 'Find Missing and Repeated Values', 'arr', 'Imported from LeetCode', 'Easy', 1000, 256, '[\'Array\', \'Hash Table\', \'Math\', \'1+\']'),
(185, '905_SORARR', '905', 'https://leetcode.com/problems/sort-array-by-parity/description', 'Sort Array By Parity', 'arr', 'Imported from LeetCode', 'Easy', 1000, 256, '[\'Array\', \'Two Pointers\', \'Sorting\']'),
(186, '104_MAXDEP', '104', 'https://leetcode.com/problems/maximum-depth-of-binary-tree/description', 'Maximum Depth of Binary Tree', 'arr', 'Imported from LeetCode', 'Easy', 1000, 256, '[\'Tree\', \'Depth-First Search\', \'2+\']'),
(187, '1304_FINNZU', '1304', 'https://leetcode.com/problems/find-n-unique-integers-sum-up-to-zero/description', 'Find N Unique Integers Sum up to Zero', 'arr', 'Imported from LeetCode', 'Easy', 1000, 256, '[\'Array\', \'Math\']'),
(188, '359_LOGRAT', '359', 'https://leetcode.com/problems/logger-rate-limiter/description', 'Logger Rate Limiter', 'arr', 'Imported from LeetCode', 'Easy', 1000, 256, '[\'Hash Table\', \'Design\', \'Data Stream\']'),
(189, '1460_MAKTWO', '1460', 'https://leetcode.com/problems/make-two-arrays-equal-by-reversing-subarrays/description', 'Make Two Arrays Equal by Reversing Subarrays', 'arr', 'Imported from LeetCode', 'Easy', 1000, 256, '[\'Array\', \'Hash Table\', \'Sorting\']'),
(190, '2951_FINTHE', '2951', 'https://leetcode.com/problems/find-the-peaks/description', 'Find the Peaks', 'arr', 'Imported from LeetCode', 'Easy', 1000, 256, '[\'Array\', \'Enumeration\']'),
(191, '2032_TWOOUT', '2032', 'https://leetcode.com/problems/two-out-of-three/description', 'Two Out of Three', 'arr', 'Imported from LeetCode', 'Easy', 1000, 256, '[\'Array\', \'Hash Table\', \'Bit Manipulation\']'),
(192, '2363_MERSIM', '2363', 'https://leetcode.com/problems/merge-similar-items/description', 'Merge Similar Items', 'arr', 'Imported from LeetCode', 'Easy', 1000, 256, '[\'Array\', \'Hash Table\', \'Sorting\', \'1+\']'),
(193, '589_N-ATRE', '589', 'https://leetcode.com/problems/n-ary-tree-preorder-traversal/description', 'N-ary Tree Preorder Traversal', 'arr', 'Imported from LeetCode', 'Easy', 1000, 256, '[\'Stack\', \'Tree\', \'Depth-First Search\']'),
(194, '1974_MINTIM', '1974', 'https://leetcode.com/problems/minimum-time-to-type-word-using-special-typewriter/description', 'Minimum Time to Type Word Using Special Typewriter', 'arr', 'Imported from LeetCode', 'Easy', 1000, 256, '[\'String\', \'Greedy\']'),
(195, '657_ROBRET', '657', 'https://leetcode.com/problems/robot-return-to-origin/description', 'Robot Return to Origin', 'arr', 'Imported from LeetCode', 'Easy', 1000, 256, '[\'String\', \'Simulation\']'),
(196, '1450_NUMOFZ', '1450', 'https://leetcode.com/problems/number-of-students-doing-homework-at-a-given-time/description', 'Number of Students Doing Homework at a Given Time', 'arr', 'Imported from LeetCode', 'Easy', 1000, 256, '[\'Array\']'),
(197, '118_PASTRI', '118', 'https://leetcode.com/problems/pascal\'s-triangle/description', 'Pascal\'s Triangle', 'arr', 'Imported from LeetCode', 'Easy', 1000, 256, '[\'Array\', \'Dynamic Programming\']'),
(198, '3151_SPEARR', '3151', 'https://leetcode.com/problems/special-array-i/description', 'Special Array I', 'arr', 'Imported from LeetCode', 'Easy', 1000, 256, '[\'Array\']'),
(199, '461_HAMDIS', '461', 'https://leetcode.com/problems/hamming-distance/description', 'Hamming Distance', 'arr', 'Imported from LeetCode', 'Easy', 1000, 256, '[\'Bit Manipulation\']'),
(200, '2848_POITHA', '2848', 'https://leetcode.com/problems/points-that-intersect-with-cars/description', 'Points That Intersect With Cars', 'arr', 'Imported from LeetCode', 'Easy', 1000, 256, '[\'Array\', \'Hash Table\', \'Prefix Sum\']'),
(201, '349_INTOFZ', '349', 'https://leetcode.com/problems/intersection-of-two-arrays/description', 'Intersection of Two Arrays', 'arr', 'Imported from LeetCode', 'Easy', 1000, 256, '[\'Array\', \'Hash Table\', \'Two Pointers\', \'2+\']'),
(202, '2341_MAXNUM', '2341', 'https://leetcode.com/problems/maximum-number-of-pairs-in-array/description', 'Maximum Number of Pairs in Array', 'arr', 'Imported from LeetCode', 'Easy', 1000, 256, '[\'Array\', \'Hash Table\', \'Counting\']'),
(203, '884_UNCWOR', '884', 'https://leetcode.com/problems/uncommon-words-from-two-sentences/description', 'Uncommon Words from Two Sentences', 'arr', 'Imported from LeetCode', 'Easy', 1000, 256, '[\'Hash Table\', \'String\', \'Counting\']'),
(204, '2643_ROWWIT', '2643', 'https://leetcode.com/problems/row-with-maximum-ones/description', 'Row With Maximum Ones', 'arr', 'Imported from LeetCode', 'Easy', 1000, 256, '[\'Array\', \'Matrix\']'),
(205, '3028_ANTONZ', '3028', 'https://leetcode.com/problems/ant-on-the-boundary/description', 'Ant on the Boundary', 'arr', 'Imported from LeetCode', 'Easy', 1000, 256, '[\'Array\', \'Simulation\', \'Prefix Sum\']'),
(206, '2917_FINTHE', '2917', 'https://leetcode.com/problems/find-the-k-or-of-an-array/description', 'Find the K-or of an Array', 'arr', 'Imported from LeetCode', 'Easy', 1000, 256, '[\'Array\', \'Bit Manipulation\']'),
(207, '2441_LARPOS', '2441', 'https://leetcode.com/problems/largest-positive-integer-that-exists-with-its-negative/description', 'Largest Positive Integer That Exists With Its Negative', 'arr', 'Imported from LeetCode', 'Easy', 1000, 256, '[\'Array\', \'Hash Table\', \'Two Pointers\', \'1+\']'),
(208, '2788_SPLSTR', '2788', 'https://leetcode.com/problems/split-strings-by-separator/description', 'Split Strings by Separator', 'arr', 'Imported from LeetCode', 'Easy', 1000, 256, '[\'Array\', \'String\']'),
(209, '1945_SUMOFZ', '1945', 'https://leetcode.com/problems/sum-of-digits-of-string-after-convert/description', 'Sum of Digits of String After Convert', 'arr', 'Imported from LeetCode', 'Easy', 1000, 256, '[\'String\', \'Simulation\']'),
(210, '1122_RELSOR', '1122', 'https://leetcode.com/problems/relative-sort-array/description', 'Relative Sort Array', 'arr', 'Imported from LeetCode', 'Easy', 1000, 256, '[\'Array\', \'Hash Table\', \'Sorting\', \'1+\']'),
(211, '3079_FINTHE', '3079', 'https://leetcode.com/problems/find-the-sum-of-encrypted-integers/description', 'Find the Sum of Encrypted Integers', 'arr', 'Imported from LeetCode', 'Easy', 1000, 256, '[\'Array\', \'Math\']'),
(212, '944_DELCOL', '944', 'https://leetcode.com/problems/delete-columns-to-make-sorted/description', 'Delete Columns to Make Sorted', 'arr', 'Imported from LeetCode', 'Easy', 1000, 256, '[\'Array\', \'String\']'),
(213, '3314_CONTHE', '3314', 'https://leetcode.com/problems/construct-the-minimum-bitwise-array-i/description', 'Construct the Minimum Bitwise Array I', 'arr', 'Imported from LeetCode', 'Easy', 1000, 256, '[\'Array\', \'Bit Manipulation\']'),
(214, '1002_FINCOM', '1002', 'https://leetcode.com/problems/find-common-characters/description', 'Find Common Characters', 'arr', 'Imported from LeetCode', 'Easy', 1000, 256, '[\'Array\', \'Hash Table\', \'String\']'),
(215, '2843_COUSYM', '2843', 'https://leetcode.com/problems/count-symmetric-integers/description', 'Count Symmetric Integers', 'arr', 'Imported from LeetCode', 'Easy', 1000, 256, '[\'Math\', \'Enumeration\']'),
(216, '2169_COUOPE', '2169', 'https://leetcode.com/problems/count-operations-to-obtain-zero/description', 'Count Operations to Obtain Zero', 'arr', 'Imported from LeetCode', 'Easy', 1000, 256, '[\'Math\', \'Simulation\']'),
(217, '136_SINNUM', '136', 'https://leetcode.com/problems/single-number/description', 'Single Number', 'arr', 'Imported from LeetCode', 'Easy', 1000, 256, '[\'Array\', \'Bit Manipulation\']'),
(218, '1086_HIGFIV', '1086', 'https://leetcode.com/problems/high-five/description', 'High Five', 'arr', 'Imported from LeetCode', 'Easy', 1000, 256, '[\'Array\', \'Hash Table\', \'Sorting\', \'1+\']'),
(219, '1880_CHEIFZ', '1880', 'https://leetcode.com/problems/check-if-word-equals-summation-of-two-words/description', 'Check if Word Equals Summation of Two Words', 'arr', 'Imported from LeetCode', 'Easy', 1000, 256, '[\'String\']'),
(220, '2586_COUTHE', '2586', 'https://leetcode.com/problems/count-the-number-of-vowel-strings-in-range/description', 'Count the Number of Vowel Strings in Range', 'arr', 'Imported from LeetCode', 'Easy', 1000, 256, '[\'Array\', \'String\', \'Counting\']'),
(221, '1876_SUBOFZ', '1876', 'https://leetcode.com/problems/substrings-of-size-three-with-distinct-characters/description', 'Substrings of Size Three with Distinct Characters', 'arr', 'Imported from LeetCode', 'Easy', 1000, 256, '[\'Hash Table\', \'String\', \'2+\']');
INSERT INTO `problem` (`id`, `code`, `Leetcode_ID`, `Leetcode_link`, `title`, `input_type`, `description`, `level`, `time_limit_ms`, `memory_limit_mb`, `tag`) VALUES
(222, '2689_EXTKTH', '2689', 'https://leetcode.com/problems/extract-kth-character-from-the-rope-tree/description', 'Extract Kth Character From The Rope Tree', 'arr', 'Imported from LeetCode', 'Easy', 1000, 256, '[\'Tree\', \'Depth-First Search\', \'Binary Tree\']'),
(223, '2278_PEROFZ', '2278', 'https://leetcode.com/problems/percentage-of-letter-in-string/description', 'Percentage of Letter in String', 'arr', 'Imported from LeetCode', 'Easy', 1000, 256, '[\'String\']'),
(224, '2570_MERTWO', '2570', 'https://leetcode.com/problems/merge-two-2d-arrays-by-summing-values/description', 'Merge Two 2D Arrays by Summing Values', 'arr', 'Imported from LeetCode', 'Easy', 1000, 256, '[\'Array\', \'Hash Table\', \'Two Pointers\']'),
(225, '2206_DIVARR', '2206', 'https://leetcode.com/problems/divide-array-into-equal-pairs/description', 'Divide Array Into Equal Pairs', 'arr', 'Imported from LeetCode', 'Easy', 1000, 256, '[\'Array\', \'Hash Table\', \'2+\']'),
(226, '1935_MAXNUM', '1935', 'https://leetcode.com/problems/maximum-number-of-words-you-can-type/description', 'Maximum Number of Words You Can Type', 'arr', 'Imported from LeetCode', 'Easy', 1000, 256, '[\'Hash Table\', \'String\']'),
(227, '1710_MAXUNI', '1710', 'https://leetcode.com/problems/maximum-units-on-a-truck/description', 'Maximum Units on a Truck', 'arr', 'Imported from LeetCode', 'Easy', 1000, 256, '[\'Array\', \'Greedy\', \'Sorting\']'),
(228, '2923_FINCHA', '2923', 'https://leetcode.com/problems/find-champion-i/description', 'Find Champion I', 'arr', 'Imported from LeetCode', 'Easy', 1000, 256, '[\'Array\', \'Matrix\']'),
(229, '2351_FIRLET', '2351', 'https://leetcode.com/problems/first-letter-to-appear-twice/description', 'First Letter to Appear Twice', 'arr', 'Imported from LeetCode', 'Easy', 1000, 256, '[\'Hash Table\', \'String\', \'2+\']'),
(230, '145_BINTRE', '145', 'https://leetcode.com/problems/binary-tree-postorder-traversal/description', 'Binary Tree Postorder Traversal', 'arr', 'Imported from LeetCode', 'Easy', 1000, 256, '[\'Stack\', \'Tree\', \'Depth-First Search\', \'1+\']'),
(231, '1337_THEKZW', '1337', 'https://leetcode.com/problems/the-k-weakest-rows-in-a-matrix/description', 'The K Weakest Rows in a Matrix', 'arr', 'Imported from LeetCode', 'Easy', 1000, 256, '[\'Array\', \'Binary Search\', \'Sorting\', \'2+\']'),
(232, '1742_MAXNUM', '1742', 'https://leetcode.com/problems/maximum-number-of-balls-in-a-box/description', 'Maximum Number of Balls in a Box', 'arr', 'Imported from LeetCode', 'Easy', 1000, 256, '[\'Hash Table\', \'Math\', \'Counting\']'),
(233, '2595_NUMOFZ', '2595', 'https://leetcode.com/problems/number-of-even-and-odd-bits/description', 'Number of Even and Odd Bits', 'arr', 'Imported from LeetCode', 'Easy', 1000, 256, '[\'Bit Manipulation\']'),
(234, '3174_CLEDIG', '3174', 'https://leetcode.com/problems/clear-digits/description', 'Clear Digits', 'arr', 'Imported from LeetCode', 'Easy', 1000, 256, '[\'String\', \'Stack\', \'Simulation\']'),
(235, '883_PROARE', '883', 'https://leetcode.com/problems/projection-area-of-3d-shapes/description', 'Projection Area of 3D Shapes', 'arr', 'Imported from LeetCode', 'Easy', 1000, 256, '[\'Array\', \'Math\', \'Geometry\', \'1+\']'),
(236, '1474_DELNZN', '1474', 'https://leetcode.com/problems/delete-n-nodes-after-m-nodes-of-a-linked-list/description', 'Delete N Nodes After M Nodes of a Linked List', 'arr', 'Imported from LeetCode', 'Easy', 1000, 256, '[\'Linked List\']'),
(237, '637_AVEOFZ', '637', 'https://leetcode.com/problems/average-of-levels-in-binary-tree/description', 'Average of Levels in Binary Tree', 'arr', 'Imported from LeetCode', 'Easy', 1000, 256, '[\'Tree\', \'Depth-First Search\', \'2+\']'),
(238, '496_NEXGRE', '496', 'https://leetcode.com/problems/next-greater-element-i/description', 'Next Greater Element I', 'arr', 'Imported from LeetCode', 'Easy', 1000, 256, '[\'Array\', \'Hash Table\', \'Stack\', \'1+\']'),
(239, '463_ISLPER', '463', 'https://leetcode.com/problems/island-perimeter/description', 'Island Perimeter', 'arr', 'Imported from LeetCode', 'Easy', 1000, 256, '[\'Array\', \'Depth-First Search\', \'2+\']'),
(240, '3069_DISELE', '3069', 'https://leetcode.com/problems/distribute-elements-into-two-arrays-i/description', 'Distribute Elements Into Two Arrays I', 'arr', 'Imported from LeetCode', 'Easy', 1000, 256, '[\'Array\', \'Simulation\']'),
(241, '2057_SMAIND', '2057', 'https://leetcode.com/problems/smallest-index-with-equal-value/description', 'Smallest Index With Equal Value', 'arr', 'Imported from LeetCode', 'Easy', 1000, 256, '[\'Array\']'),
(242, '412_FIZBUZ', '412', 'https://leetcode.com/problems/fizz-buzz/description', 'Fizz Buzz', 'arr', 'Imported from LeetCode', 'Easy', 1000, 256, '[\'Math\', \'String\', \'Simulation\']'),
(243, '1022_SUMOFZ', '1022', 'https://leetcode.com/problems/sum-of-root-to-leaf-binary-numbers/description', 'Sum of Root To Leaf Binary Numbers', 'arr', 'Imported from LeetCode', 'Easy', 1000, 256, '[\'Tree\', \'Depth-First Search\', \'Binary Tree\']'),
(244, '977_SQUOFZ', '977', 'https://leetcode.com/problems/squares-of-a-sorted-array/description', 'Squares of a Sorted Array', 'arr', 'Imported from LeetCode', 'Easy', 1000, 256, '[\'Array\', \'Two Pointers\', \'Sorting\']'),
(245, '108_CONSOR', '108', 'https://leetcode.com/problems/convert-sorted-array-to-binary-search-tree/description', 'Convert Sorted Array to Binary Search Tree', 'arr', 'Imported from LeetCode', 'Easy', 1000, 256, '[\'Array\', \'Divide and Conquer\', \'Tree\', \'2+\']'),
(246, '1403_MINSUB', '1403', 'https://leetcode.com/problems/minimum-subsequence-in-non-increasing-order/description', 'Minimum Subsequence in Non-Increasing Order', 'arr', 'Imported from LeetCode', 'Easy', 1000, 256, '[\'Array\', \'Greedy\', \'Sorting\']'),
(247, '867_TRAMAT', '867', 'https://leetcode.com/problems/transpose-matrix/description', 'Transpose Matrix', 'arr', 'Imported from LeetCode', 'Easy', 1000, 256, '[\'Array\', \'Matrix\', \'Simulation\']'),
(248, '2255_COUPRE', '2255', 'https://leetcode.com/problems/count-prefixes-of-a-given-string/description', 'Count Prefixes of a Given String', 'arr', 'Imported from LeetCode', 'Easy', 1000, 256, '[\'Array\', \'String\']'),
(249, '2496_MAXVAL', '2496', 'https://leetcode.com/problems/maximum-value-of-a-string-in-an-array/description', 'Maximum Value of a String in an Array', 'arr', 'Imported from LeetCode', 'Easy', 1000, 256, '[\'Array\', \'String\']'),
(250, '191_NUMOFZ', '191', 'https://leetcode.com/problems/number-of-1-bits/description', 'Number of 1 Bits', 'arr', 'Imported from LeetCode', 'Easy', 1000, 256, '[\'Divide and Conquer\', \'Bit Manipulation\']'),
(251, '1279_TRALIG', '1279', 'https://leetcode.com/problems/traffic-light-controlled-intersection/description', 'Traffic Light Controlled Intersection', 'arr', 'Imported from LeetCode', 'Easy', 1000, 256, '[\'Concurrency\']'),
(252, '2283_CHEIFZ', '2283', 'https://leetcode.com/problems/check-if-number-has-equal-digit-count-and-digit-value/description', 'Check if Number Has Equal Digit Count and Digit Value', 'arr', 'Imported from LeetCode', 'Easy', 1000, 256, '[\'Hash Table\', \'String\', \'Counting\']'),
(253, '2357_MAKARR', '2357', 'https://leetcode.com/problems/make-array-zero-by-subtracting-equal-amounts/description', 'Make Array Zero by Subtracting Equal Amounts', 'arr', 'Imported from LeetCode', 'Easy', 1000, 256, '[\'Array\', \'Hash Table\', \'Greedy\', \'3+\']'),
(254, '559_MAXDEP', '559', 'https://leetcode.com/problems/maximum-depth-of-n-ary-tree/description', 'Maximum Depth of N-ary Tree', 'arr', 'Imported from LeetCode', 'Easy', 1000, 256, '[\'Tree\', \'Depth-First Search\', \'1+\']'),
(255, '506_RELRAN', '506', 'https://leetcode.com/problems/relative-ranks/description', 'Relative Ranks', 'arr', 'Imported from LeetCode', 'Easy', 1000, 256, '[\'Array\', \'Sorting\', \'Heap (Priority Queue)\']'),
(256, '1957_DELCHA', '1957', 'https://leetcode.com/problems/delete-characters-to-make-fancy-string/description', 'Delete Characters to Make Fancy String', 'arr', 'Imported from LeetCode', 'Easy', 1000, 256, '[\'String\']'),
(257, '2124_CHEIFZ', '2124', 'https://leetcode.com/problems/check-if-all-a\'s-appears-before-all-b\'s/description', 'Check if All A\'s Appears Before All B\'s', 'arr', 'Imported from LeetCode', 'Easy', 1000, 256, '[\'String\']'),
(258, '2389_LONSUB', '2389', 'https://leetcode.com/problems/longest-subsequence-with-limited-sum/description', 'Longest Subsequence With Limited Sum', 'arr', 'Imported from LeetCode', 'Easy', 1000, 256, '[\'Array\', \'Binary Search\', \'Greedy\', \'2+\']'),
(259, '509_FIBNUM', '509', 'https://leetcode.com/problems/fibonacci-number/description', 'Fibonacci Number', 'arr', 'Imported from LeetCode', 'Easy', 1000, 256, '[\'Math\', \'Dynamic Programming\', \'2+\']'),
(260, '1030_MATCEL', '1030', 'https://leetcode.com/problems/matrix-cells-in-distance-order/description', 'Matrix Cells in Distance Order', 'arr', 'Imported from LeetCode', 'Easy', 1000, 256, '[\'Array\', \'Math\', \'Geometry\', \'2+\']'),
(261, '821_SHODIS', '821', 'https://leetcode.com/problems/shortest-distance-to-a-character/description', 'Shortest Distance to a Character', 'arr', 'Imported from LeetCode', 'Easy', 1000, 256, '[\'Array\', \'Two Pointers\', \'String\']'),
(262, '2475_NUMOFZ', '2475', 'https://leetcode.com/problems/number-of-unequal-triplets-in-array/description', 'Number of Unequal Triplets in Array', 'arr', 'Imported from LeetCode', 'Easy', 1000, 256, '[\'Array\', \'Hash Table\', \'Sorting\']'),
(263, '1217_MINCOS', '1217', 'https://leetcode.com/problems/minimum-cost-to-move-chips-to-the-same-position/description', 'Minimum Cost to Move Chips to The Same Position', 'arr', 'Imported from LeetCode', 'Easy', 1000, 256, '[\'Array\', \'Math\', \'Greedy\']'),
(264, '1598_CRALOG', '1598', 'https://leetcode.com/problems/crawler-log-folder/description', 'Crawler Log Folder', 'arr', 'Imported from LeetCode', 'Easy', 1000, 256, '[\'Array\', \'String\', \'Stack\']'),
(265, '2022_CON1DZ', '2022', 'https://leetcode.com/problems/convert-1d-array-into-2d-array/description', 'Convert 1D Array Into 2D Array', 'arr', 'Imported from LeetCode', 'Easy', 1000, 256, '[\'Array\', \'Matrix\', \'Simulation\']'),
(266, '3304_FINTHE', '3304', 'https://leetcode.com/problems/find-the-k-th-character-in-string-game-i/description', 'Find the K-th Character in String Game I', 'arr', 'Imported from LeetCode', 'Easy', 1000, 256, '[\'Math\', \'Bit Manipulation\', \'Recursion\', \'1+\']'),
(267, '2085_COUCOM', '2085', 'https://leetcode.com/problems/count-common-words-with-one-occurrence/description', 'Count Common Words With One Occurrence', 'arr', 'Imported from LeetCode', 'Easy', 1000, 256, '[\'Array\', \'Hash Table\', \'String\', \'1+\']'),
(268, '2506_COUPAI', '2506', 'https://leetcode.com/problems/count-pairs-of-similar-strings/description', 'Count Pairs Of Similar Strings', 'arr', 'Imported from LeetCode', 'Easy', 1000, 256, '[\'Array\', \'Hash Table\', \'String\', \'2+\']'),
(269, '500_KEYROW', '500', 'https://leetcode.com/problems/keyboard-row/description', 'Keyboard Row', 'arr', 'Imported from LeetCode', 'Easy', 1000, 256, '[\'Array\', \'Hash Table\', \'String\']'),
(270, '965_UNIBIN', '965', 'https://leetcode.com/problems/univalued-binary-tree/description', 'Univalued Binary Tree', 'arr', 'Imported from LeetCode', 'Easy', 1000, 256, '[\'Tree\', \'Depth-First Search\', \'2+\']'),
(271, '2154_KEEMUL', '2154', 'https://leetcode.com/problems/keep-multiplying-found-values-by-two/description', 'Keep Multiplying Found Values by Two', 'arr', 'Imported from LeetCode', 'Easy', 1000, 256, '[\'Array\', \'Hash Table\', \'Sorting\', \'1+\']'),
(272, '1299_REPELE', '1299', 'https://leetcode.com/problems/replace-elements-with-greatest-element-on-right-side/description', 'Replace Elements with Greatest Element on Right Side', 'arr', 'Imported from LeetCode', 'Easy', 1000, 256, '[\'Array\']'),
(273, '2578_SPLWIT', '2578', 'https://leetcode.com/problems/split-with-minimum-sum/description', 'Split With Minimum Sum', 'arr', 'Imported from LeetCode', 'Easy', 1000, 256, '[\'Math\', \'Greedy\', \'Sorting\']'),
(274, '144_BINTRE', '144', 'https://leetcode.com/problems/binary-tree-preorder-traversal/description', 'Binary Tree Preorder Traversal', 'arr', 'Imported from LeetCode', 'Easy', 1000, 256, '[\'Stack\', \'Tree\', \'Depth-First Search\', \'1+\']'),
(275, '2529_MAXCOU', '2529', 'https://leetcode.com/problems/maximum-count-of-positive-integer-and-negative-integer/description', 'Maximum Count of Positive Integer and Negative Integer', 'arr', 'Imported from LeetCode', 'Easy', 1000, 256, '[\'Array\', \'Binary Search\', \'Counting\']'),
(276, '2980_CHEIFZ', '2980', 'https://leetcode.com/problems/check-if-bitwise-or-has-trailing-zeros/description', 'Check if Bitwise OR Has Trailing Zeros', 'arr', 'Imported from LeetCode', 'Easy', 1000, 256, '[\'Array\', \'Bit Manipulation\']'),
(277, '2399_CHEDIS', '2399', 'https://leetcode.com/problems/check-distances-between-same-letters/description', 'Check Distances Between Same Letters', 'arr', 'Imported from LeetCode', 'Easy', 1000, 256, '[\'Array\', \'Hash Table\', \'String\']'),
(278, '1518_WATBOT', '1518', 'https://leetcode.com/problems/water-bottles/description', 'Water Bottles', 'arr', 'Imported from LeetCode', 'Easy', 1000, 256, '[\'Math\', \'Simulation\']'),
(279, '908_SMARAN', '908', 'https://leetcode.com/problems/smallest-range-i/description', 'Smallest Range I', 'arr', 'Imported from LeetCode', 'Easy', 1000, 256, '[\'Array\', \'Math\']'),
(280, '922_SORARR', '922', 'https://leetcode.com/problems/sort-array-by-parity-ii/description', 'Sort Array By Parity II', 'arr', 'Imported from LeetCode', 'Easy', 1000, 256, '[\'Array\', \'Two Pointers\', \'Sorting\']'),
(281, '1160_FINWOR', '1160', 'https://leetcode.com/problems/find-words-that-can-be-formed-by-characters/description', 'Find Words That Can Be Formed by Characters', 'arr', 'Imported from LeetCode', 'Easy', 1000, 256, '[\'Array\', \'Hash Table\', \'String\', \'1+\']'),
(282, '1133_LARUNI', '1133', 'https://leetcode.com/problems/largest-unique-number/description', 'Largest Unique Number', 'arr', 'Imported from LeetCode', 'Easy', 1000, 256, '[\'Array\', \'Hash Table\', \'Sorting\']'),
(283, '1331_RANTRA', '1331', 'https://leetcode.com/problems/rank-transform-of-an-array/description', 'Rank Transform of an Array', 'arr', 'Imported from LeetCode', 'Easy', 1000, 256, '[\'Array\', \'Hash Table\', \'Sorting\']'),
(284, '2309_GREENG', '2309', 'https://leetcode.com/problems/greatest-english-letter-in-upper-and-lower-case/description', 'Greatest English Letter in Upper and Lower Case', 'arr', 'Imported from LeetCode', 'Easy', 1000, 256, '[\'Hash Table\', \'String\', \'Enumeration\']'),
(285, '2042_CHEIFZ', '2042', 'https://leetcode.com/problems/check-if-numbers-are-ascending-in-a-sentence/description', 'Check if Numbers Are Ascending in a Sentence', 'arr', 'Imported from LeetCode', 'Easy', 1000, 256, '[\'String\']'),
(286, '2562_FINTHE', '2562', 'https://leetcode.com/problems/find-the-array-concatenation-value/description', 'Find the Array Concatenation Value', 'arr', 'Imported from LeetCode', 'Easy', 1000, 256, '[\'Array\', \'Two Pointers\', \'Simulation\']'),
(287, '1047_REMALL', '1047', 'https://leetcode.com/problems/remove-all-adjacent-duplicates-in-string/description', 'Remove All Adjacent Duplicates In String', 'arr', 'Imported from LeetCode', 'Easy', 1000, 256, '[\'String\', \'Stack\']'),
(288, '476_NUMCOM', '476', 'https://leetcode.com/problems/number-complement/description', 'Number Complement', 'arr', 'Imported from LeetCode', 'Easy', 1000, 256, '[\'Bit Manipulation\']'),
(289, '1114_PRIINZ', '1114', 'https://leetcode.com/problems/print-in-order/description', 'Print in Order', 'arr', 'Imported from LeetCode', 'Easy', 1000, 256, '[\'Concurrency\']'),
(290, '762_PRINUM', '762', 'https://leetcode.com/problems/prime-number-of-set-bits-in-binary-representation/description', 'Prime Number of Set Bits in Binary Representation', 'arr', 'Imported from LeetCode', 'Easy', 1000, 256, '[\'Math\', \'Bit Manipulation\']'),
(291, '3274_CHEIFZ', '3274', 'https://leetcode.com/problems/check-if-two-chessboard-squares-have-the-same-color/description', 'Check if Two Chessboard Squares Have the Same Color', 'arr', 'Imported from LeetCode', 'Easy', 1000, 256, '[\'Math\', \'String\']'),
(292, '872_LEATRE', '872', 'https://leetcode.com/problems/leaf-similar-trees/description', 'Leaf-Similar Trees', 'arr', 'Imported from LeetCode', 'Easy', 1000, 256, '[\'Tree\', \'Depth-First Search\', \'Binary Tree\']'),
(293, '2073_TIMNEE', '2073', 'https://leetcode.com/problems/time-needed-to-buy-tickets/description', 'Time Needed to Buy Tickets', 'arr', 'Imported from LeetCode', 'Easy', 1000, 256, '[\'Array\', \'Queue\', \'Simulation\']'),
(294, '1200_MINABS', '1200', 'https://leetcode.com/problems/minimum-absolute-difference/description', 'Minimum Absolute Difference', 'arr', 'Imported from LeetCode', 'Easy', 1000, 256, '[\'Array\', \'Sorting\']'),
(295, '999_AVACAP', '999', 'https://leetcode.com/problems/available-captures-for-rook/description', 'Available Captures for Rook', 'arr', 'Imported from LeetCode', 'Easy', 1000, 256, '[\'Array\', \'Matrix\', \'Simulation\']'),
(296, '1502_CANMAK', '1502', 'https://leetcode.com/problems/can-make-arithmetic-progression-from-sequence/description', 'Can Make Arithmetic Progression From Sequence', 'arr', 'Imported from LeetCode', 'Easy', 1000, 256, '[\'Array\', \'Sorting\']'),
(297, '806_NUMOFZ', '806', 'https://leetcode.com/problems/number-of-lines-to-write-string/description', 'Number of Lines To Write String', 'arr', 'Imported from LeetCode', 'Easy', 1000, 256, '[\'Array\', \'String\']'),
(298, '1025_DIVGAM', '1025', 'https://leetcode.com/problems/divisor-game/description', 'Divisor Game', 'arr', 'Imported from LeetCode', 'Easy', 1000, 256, '[\'Math\', \'Dynamic Programming\', \'2+\']'),
(299, '1619_MEAOFZ', '1619', 'https://leetcode.com/problems/mean-of-array-after-removing-some-elements/description', 'Mean of Array After Removing Some Elements', 'arr', 'Imported from LeetCode', 'Easy', 1000, 256, '[\'Array\', \'Sorting\']'),
(300, '766_TOEMAT', '766', 'https://leetcode.com/problems/toeplitz-matrix/description', 'Toeplitz Matrix', 'arr', 'Imported from LeetCode', 'Easy', 1000, 256, '[\'Array\', \'Matrix\']'),
(301, '1385_FINTHE', '1385', 'https://leetcode.com/problems/find-the-distance-value-between-two-arrays/description', 'Find the Distance Value Between Two Arrays', 'arr', 'Imported from LeetCode', 'Easy', 1000, 256, '[\'Array\', \'Two Pointers\', \'Binary Search\', \'1+\']'),
(302, '2706_BUYTWO', '2706', 'https://leetcode.com/problems/buy-two-chocolates/description', 'Buy Two Chocolates', 'arr', 'Imported from LeetCode', 'Easy', 1000, 256, '[\'Array\', \'Greedy\', \'Sorting\']'),
(303, '1779_FINNEA', '1779', 'https://leetcode.com/problems/find-nearest-point-that-has-the-same-x-or-y-coordinate/description', 'Find Nearest Point That Has the Same X or Y Coordinate', 'arr', 'Imported from LeetCode', 'Easy', 1000, 256, '[\'Array\']'),
(304, '2264_LAR3-S', '2264', 'https://leetcode.com/problems/largest-3-same-digit-number-in-string/description', 'Largest 3-Same-Digit Number in String', 'arr', 'Imported from LeetCode', 'Easy', 1000, 256, '[\'String\']'),
(305, '3210_FINTHE', '3210', 'https://leetcode.com/problems/find-the-encrypted-string/description', 'Find the Encrypted String', 'arr', 'Imported from LeetCode', 'Easy', 1000, 256, '[\'String\']'),
(306, '2062_COUVOW', '2062', 'https://leetcode.com/problems/count-vowel-substrings-of-a-string/description', 'Count Vowel Substrings of a String', 'arr', 'Imported from LeetCode', 'Easy', 1000, 256, '[\'Hash Table\', \'String\']'),
(307, '3033_MODTHE', '3033', 'https://leetcode.com/problems/modify-the-matrix/description', 'Modify the Matrix', 'arr', 'Imported from LeetCode', 'Easy', 1000, 256, '[\'Array\', \'Matrix\']'),
(308, '1582_SPEPOS', '1582', 'https://leetcode.com/problems/special-positions-in-a-binary-matrix/description', 'Special Positions in a Binary Matrix', 'arr', 'Imported from LeetCode', 'Easy', 1000, 256, '[\'Array\', \'Matrix\']'),
(309, '824_GOALAT', '824', 'https://leetcode.com/problems/goat-latin/description', 'Goat Latin', 'arr', 'Imported from LeetCode', 'Easy', 1000, 256, '[\'String\']'),
(310, '575_DISCAN', '575', 'https://leetcode.com/problems/distribute-candies/description', 'Distribute Candies', 'arr', 'Imported from LeetCode', 'Easy', 1000, 256, '[\'Array\', \'Hash Table\']'),
(311, '1624_LARSUB', '1624', 'https://leetcode.com/problems/largest-substring-between-two-equal-characters/description', 'Largest Substring Between Two Equal Characters', 'arr', 'Imported from LeetCode', 'Easy', 1000, 256, '[\'Hash Table\', \'String\']'),
(312, '268_MISNUM', '268', 'https://leetcode.com/problems/missing-number/description', 'Missing Number', 'arr', 'Imported from LeetCode', 'Easy', 1000, 256, '[\'Array\', \'Hash Table\', \'Math\', \'3+\']'),
(313, '2544_ALTDIG', '2544', 'https://leetcode.com/problems/alternating-digit-sum/description', 'Alternating Digit Sum', 'arr', 'Imported from LeetCode', 'Easy', 1000, 256, '[\'Math\']'),
(314, '2248_INTOFZ', '2248', 'https://leetcode.com/problems/intersection-of-multiple-arrays/description', 'Intersection of Multiple Arrays', 'arr', 'Imported from LeetCode', 'Easy', 1000, 256, '[\'Array\', \'Hash Table\', \'Sorting\', \'1+\']'),
(315, '2639_FINTHE', '2639', 'https://leetcode.com/problems/find-the-width-of-columns-of-a-grid/description', 'Find the Width of Columns of a Grid', 'arr', 'Imported from LeetCode', 'Easy', 1000, 256, '[\'Array\', \'Matrix\']'),
(316, '1550_THRCON', '1550', 'https://leetcode.com/problems/three-consecutive-odds/description', 'Three Consecutive Odds', 'arr', 'Imported from LeetCode', 'Easy', 1000, 256, '[\'Array\']'),
(317, '1925_COUSQU', '1925', 'https://leetcode.com/problems/count-square-sum-triples/description', 'Count Square Sum Triples', 'arr', 'Imported from LeetCode', 'Easy', 1000, 256, '[\'Math\', \'Enumeration\']'),
(318, '1544_MAKTHE', '1544', 'https://leetcode.com/problems/make-the-string-great/description', 'Make The String Great', 'arr', 'Imported from LeetCode', 'Easy', 1000, 256, '[\'String\', \'Stack\']'),
(319, '2460_APPOPE', '2460', 'https://leetcode.com/problems/apply-operations-to-an-array/description', 'Apply Operations to an Array', 'arr', 'Imported from LeetCode', 'Easy', 1000, 256, '[\'Array\', \'Two Pointers\', \'Simulation\']'),
(320, '1394_FINLUC', '1394', 'https://leetcode.com/problems/find-lucky-integer-in-an-array/description', 'Find Lucky Integer in an Array', 'arr', 'Imported from LeetCode', 'Easy', 1000, 256, '[\'Array\', \'Hash Table\', \'Counting\']'),
(321, '3074_APPRED', '3074', 'https://leetcode.com/problems/apple-redistribution-into-boxes/description', 'Apple Redistribution into Boxes', 'arr', 'Imported from LeetCode', 'Easy', 1000, 256, '[\'Array\', \'Greedy\', \'Sorting\']'),
(322, '1991_FINTHE', '1991', 'https://leetcode.com/problems/find-the-middle-index-in-array/description', 'Find the Middle Index in Array', 'arr', 'Imported from LeetCode', 'Easy', 1000, 256, '[\'Array\', \'Prefix Sum\']'),
(323, '1065_INDPAI', '1065', 'https://leetcode.com/problems/index-pairs-of-a-string/description', 'Index Pairs of a String', 'arr', 'Imported from LeetCode', 'Easy', 1000, 256, '[\'Array\', \'String\', \'Trie\', \'1+\']'),
(324, '266_PALPER', '266', 'https://leetcode.com/problems/palindrome-permutation/description', 'Palindrome Permutation', 'arr', 'Imported from LeetCode', 'Easy', 1000, 256, '[\'Hash Table\', \'String\', \'Bit Manipulation\']'),
(325, '661_IMASMO', '661', 'https://leetcode.com/problems/image-smoother/description', 'Image Smoother', 'arr', 'Imported from LeetCode', 'Easy', 1000, 256, '[\'Array\', \'Matrix\']'),
(326, '222_COUCOM', '222', 'https://leetcode.com/problems/count-complete-tree-nodes/description', 'Count Complete Tree Nodes', 'arr', 'Imported from LeetCode', 'Easy', 1000, 256, '[\'Binary Search\', \'Bit Manipulation\', \'2+\']'),
(327, '2180_COUINT', '2180', 'https://leetcode.com/problems/count-integers-with-even-digit-sum/description', 'Count Integers With Even Digit Sum', 'arr', 'Imported from LeetCode', 'Easy', 1000, 256, '[\'Math\', \'Simulation\']'),
(328, '800_SIMRGB', '800', 'https://leetcode.com/problems/similar-rgb-color/description', 'Similar RGB Color', 'arr', 'Imported from LeetCode', 'Easy', 1000, 256, '[\'Math\', \'String\', \'Enumeration\']'),
(329, '1260_SHI2DZ', '1260', 'https://leetcode.com/problems/shift-2d-grid/description', 'Shift 2D Grid', 'arr', 'Imported from LeetCode', 'Easy', 1000, 256, '[\'Array\', \'Matrix\', \'Simulation\']'),
(330, '929_UNIEMA', '929', 'https://leetcode.com/problems/unique-email-addresses/description', 'Unique Email Addresses', 'arr', 'Imported from LeetCode', 'Easy', 1000, 256, '[\'Array\', \'Hash Table\', \'String\']'),
(331, '2558_TAKGIF', '2558', 'https://leetcode.com/problems/take-gifts-from-the-richest-pile/description', 'Take Gifts From the Richest Pile', 'arr', 'Imported from LeetCode', 'Easy', 1000, 256, '[\'Array\', \'Heap (Priority Queue)\', \'Simulation\']'),
(332, '1652_DEFTHE', '1652', 'https://leetcode.com/problems/defuse-the-bomb/description', 'Defuse the Bomb', 'arr', 'Imported from LeetCode', 'Easy', 1000, 256, '[\'Array\', \'Sliding Window\']'),
(333, '3206_ALTGRO', '3206', 'https://leetcode.com/problems/alternating-groups-i/description', 'Alternating Groups I', 'arr', 'Imported from LeetCode', 'Easy', 1000, 256, '[\'Array\', \'Sliding Window\']'),
(334, '258_ADDDIG', '258', 'https://leetcode.com/problems/add-digits/description', 'Add Digits', 'arr', 'Imported from LeetCode', 'Easy', 1000, 256, '[\'Math\', \'Simulation\', \'Number Theory\']'),
(335, '705_DESHAS', '705', 'https://leetcode.com/problems/design-hashset/description', 'Design HashSet', 'arr', 'Imported from LeetCode', 'Easy', 1000, 256, '[\'Array\', \'Hash Table\', \'Linked List\', \'2+\']'),
(336, '232_IMPQUE', '232', 'https://leetcode.com/problems/implement-queue-using-stacks/description', 'Implement Queue using Stacks', 'arr', 'Imported from LeetCode', 'Easy', 1000, 256, '[\'Stack\', \'Design\', \'Queue\']'),
(337, '1897_REDCHA', '1897', 'https://leetcode.com/problems/redistribute-characters-to-make-all-strings-equal/description', 'Redistribute Characters to Make All Strings Equal', 'arr', 'Imported from LeetCode', 'Easy', 1000, 256, '[\'Hash Table\', \'String\', \'Counting\']'),
(338, '2138_DIVAZS', '2138', 'https://leetcode.com/problems/divide-a-string-into-groups-of-size-k/description', 'Divide a String Into Groups of Size k', 'arr', 'Imported from LeetCode', 'Easy', 1000, 256, '[\'String\', \'Simulation\']'),
(339, '1196_HOWMAN', '1196', 'https://leetcode.com/problems/how-many-apples-can-you-put-into-the-basket/description', 'How Many Apples Can You Put into the Basket', 'arr', 'Imported from LeetCode', 'Easy', 1000, 256, '[\'Array\', \'Greedy\', \'Sorting\']'),
(340, '892_SURARE', '892', 'https://leetcode.com/problems/surface-area-of-3d-shapes/description', 'Surface Area of 3D Shapes', 'arr', 'Imported from LeetCode', 'Easy', 1000, 256, '[\'Array\', \'Math\', \'Geometry\', \'1+\']'),
(341, '3010_DIVANZ', '3010', 'https://leetcode.com/problems/divide-an-array-into-subarrays-with-minimum-cost-i/description', 'Divide an Array Into Subarrays With Minimum Cost I', 'arr', 'Imported from LeetCode', 'Easy', 1000, 256, '[\'Array\', \'Sorting\', \'Enumeration\']'),
(342, '1507_REFDAT', '1507', 'https://leetcode.com/problems/reformat-date/description', 'Reformat Date', 'arr', 'Imported from LeetCode', 'Easy', 1000, 256, '[\'String\']'),
(343, '2490_CIRSEN', '2490', 'https://leetcode.com/problems/circular-sentence/description', 'Circular Sentence', 'arr', 'Imported from LeetCode', 'Easy', 1000, 256, '[\'String\']'),
(344, '1608_SPEARR', '1608', 'https://leetcode.com/problems/special-array-with-x-elements-greater-than-or-equal-x/description', 'Special Array With X Elements Greater Than or Equal X', 'arr', 'Imported from LeetCode', 'Easy', 1000, 256, '[\'Array\', \'Binary Search\', \'Sorting\']'),
(345, '3014_MINNUM', '3014', 'https://leetcode.com/problems/minimum-number-of-pushes-to-type-word-i/description', 'Minimum Number of Pushes to Type Word I', 'arr', 'Imported from LeetCode', 'Easy', 1000, 256, '[\'Math\', \'String\', \'Greedy\']'),
(346, '3083_EXIOFZ', '3083', 'https://leetcode.com/problems/existence-of-a-substring-in-a-string-and-its-reverse/description', 'Existence of a Substring in a String and Its Reverse', 'arr', 'Imported from LeetCode', 'Easy', 1000, 256, '[\'Hash Table\', \'String\']'),
(347, '2899_LASVIS', '2899', 'https://leetcode.com/problems/last-visited-integers/description', 'Last Visited Integers', 'arr', 'Imported from LeetCode', 'Easy', 1000, 256, '[\'Array\', \'Simulation\']'),
(348, '1399_COULAR', '1399', 'https://leetcode.com/problems/count-largest-group/description', 'Count Largest Group', 'arr', 'Imported from LeetCode', 'Easy', 1000, 256, '[\'Hash Table\', \'Math\']'),
(349, '1694_REFPHO', '1694', 'https://leetcode.com/problems/reformat-phone-number/description', 'Reformat Phone Number', 'arr', 'Imported from LeetCode', 'Easy', 1000, 256, '[\'String\']'),
(350, '746_MINCOS', '746', 'https://leetcode.com/problems/min-cost-climbing-stairs/description', 'Min Cost Climbing Stairs', 'arr', 'Imported from LeetCode', 'Easy', 1000, 256, '[\'Array\', \'Dynamic Programming\']'),
(351, '2200_FINALL', '2200', 'https://leetcode.com/problems/find-all-k-distant-indices-in-an-array/description', 'Find All K-Distant Indices in an Array', 'arr', 'Imported from LeetCode', 'Easy', 1000, 256, '[\'Array\', \'Two Pointers\']'),
(352, '2243_CALDIG', '2243', 'https://leetcode.com/problems/calculate-digit-sum-of-a-string/description', 'Calculate Digit Sum of a String', 'arr', 'Imported from LeetCode', 'Easy', 1000, 256, '[\'String\', \'Simulation\']'),
(353, '2303_CALAMO', '2303', 'https://leetcode.com/problems/calculate-amount-paid-in-taxes/description', 'Calculate Amount Paid in Taxes', 'arr', 'Imported from LeetCode', 'Easy', 1000, 256, '[\'Array\', \'Simulation\']'),
(354, '3042_COUPRE', '3042', 'https://leetcode.com/problems/count-prefix-and-suffix-pairs-i/description', 'Count Prefix and Suffix Pairs I', 'arr', 'Imported from LeetCode', 'Easy', 1000, 256, '[\'Array\', \'String\', \'Trie\', \'3+\']'),
(355, '3120_COUTHE', '3120', 'https://leetcode.com/problems/count-the-number-of-special-characters-i/description', 'Count the Number of Special Characters I', 'arr', 'Imported from LeetCode', 'Easy', 1000, 256, '[\'Hash Table\', \'String\']'),
(356, '2078_TWOFUR', '2078', 'https://leetcode.com/problems/two-furthest-houses-with-different-colors/description', 'Two Furthest Houses With Different Colors', 'arr', 'Imported from LeetCode', 'Easy', 1000, 256, '[\'Array\', \'Greedy\']'),
(357, '917_REVONL', '917', 'https://leetcode.com/problems/reverse-only-letters/description', 'Reverse Only Letters', 'arr', 'Imported from LeetCode', 'Easy', 1000, 256, '[\'Two Pointers\', \'String\']'),
(358, '1046_LASSTO', '1046', 'https://leetcode.com/problems/last-stone-weight/description', 'Last Stone Weight', 'arr', 'Imported from LeetCode', 'Easy', 1000, 256, '[\'Array\', \'Heap (Priority Queue)\']'),
(359, '1103_DISCAN', '1103', 'https://leetcode.com/problems/distribute-candies-to-people/description', 'Distribute Candies to People', 'arr', 'Imported from LeetCode', 'Easy', 1000, 256, '[\'Math\', \'Simulation\']'),
(360, '696_COUBIN', '696', 'https://leetcode.com/problems/count-binary-substrings/description', 'Count Binary Substrings', 'arr', 'Imported from LeetCode', 'Easy', 1000, 256, '[\'Two Pointers\', \'String\']'),
(361, '303_RANSUM', '303', 'https://leetcode.com/problems/range-sum-query---immutable/description', 'Range Sum Query - Immutable', 'arr', 'Imported from LeetCode', 'Easy', 1000, 256, '[\'Array\', \'Design\', \'Prefix Sum\']'),
(362, '706_DESHAS', '706', 'https://leetcode.com/problems/design-hashmap/description', 'Design HashMap', 'arr', 'Imported from LeetCode', 'Easy', 1000, 256, '[\'Array\', \'Hash Table\', \'Linked List\', \'2+\']'),
(363, '2395_FINSUB', '2395', 'https://leetcode.com/problems/find-subarrays-with-equal-sum/description', 'Find Subarrays With Equal Sum', 'arr', 'Imported from LeetCode', 'Easy', 1000, 256, '[\'Array\', \'Hash Table\']'),
(364, '243_SHOWOR', '243', 'https://leetcode.com/problems/shortest-word-distance/description', 'Shortest Word Distance', 'arr', 'Imported from LeetCode', 'Easy', 1000, 256, '[\'Array\', \'String\']'),
(365, '2908_MINSUM', '2908', 'https://leetcode.com/problems/minimum-sum-of-mountain-triplets-i/description', 'Minimum Sum of Mountain Triplets I', 'arr', 'Imported from LeetCode', 'Easy', 1000, 256, '[\'Array\']'),
(366, '21_MERTWO', '21', 'https://leetcode.com/problems/merge-two-sorted-lists/description', 'Merge Two Sorted Lists', 'arr', 'Imported from LeetCode', 'Easy', 1000, 256, '[\'Linked List\', \'Recursion\']'),
(367, '225_IMPSTA', '225', 'https://leetcode.com/problems/implement-stack-using-queues/description', 'Implement Stack using Queues', 'arr', 'Imported from LeetCode', 'Easy', 1000, 256, '[\'Stack\', \'Design\', \'Queue\']'),
(368, '242_VALANA', '242', 'https://leetcode.com/problems/valid-anagram/description', 'Valid Anagram', 'arr', 'Imported from LeetCode', 'Easy', 1000, 256, '[\'Hash Table\', \'String\', \'Sorting\']'),
(369, '2224_MINNUM', '2224', 'https://leetcode.com/problems/minimum-number-of-operations-to-convert-time/description', 'Minimum Number of Operations to Convert Time', 'arr', 'Imported from LeetCode', 'Easy', 1000, 256, '[\'String\', \'Greedy\']'),
(370, '169_MAJELE', '169', 'https://leetcode.com/problems/majority-element/description', 'Majority Element', 'arr', 'Imported from LeetCode', 'Easy', 1000, 256, '[\'Array\', \'Hash Table\', \'3+\']'),
(371, '1822_SIGOFZ', '1822', 'https://leetcode.com/problems/sign-of-the-product-of-an-array/description', 'Sign of the Product of an Array', 'arr', 'Imported from LeetCode', 'Easy', 1000, 256, '[\'Array\', \'Math\']'),
(372, '2319_CHEIFZ', '2319', 'https://leetcode.com/problems/check-if-matrix-is-x-matrix/description', 'Check if Matrix Is X-Matrix', 'arr', 'Imported from LeetCode', 'Easy', 1000, 256, '[\'Array\', \'Matrix\']'),
(373, '2129_CAPTHE', '2129', 'https://leetcode.com/problems/capitalize-the-title/description', 'Capitalize the Title', 'arr', 'Imported from LeetCode', 'Easy', 1000, 256, '[\'String\']'),
(374, '2833_FURPOI', '2833', 'https://leetcode.com/problems/furthest-point-from-origin/description', 'Furthest Point From Origin', 'arr', 'Imported from LeetCode', 'Easy', 1000, 256, '[\'String\', \'Counting\']'),
(375, '733_FLOFIL', '733', 'https://leetcode.com/problems/flood-fill/description', 'Flood Fill', 'arr', 'Imported from LeetCode', 'Easy', 1000, 256, '[\'Array\', \'Depth-First Search\', \'2+\']'),
(376, '1413_MINVAL', '1413', 'https://leetcode.com/problems/minimum-value-to-get-positive-step-by-step-sum/description', 'Minimum Value to Get Positive Step by Step Sum', 'arr', 'Imported from LeetCode', 'Easy', 1000, 256, '[\'Array\', \'Prefix Sum\']'),
(377, '257_BINTRE', '257', 'https://leetcode.com/problems/binary-tree-paths/description', 'Binary Tree Paths', 'arr', 'Imported from LeetCode', 'Easy', 1000, 256, '[\'String\', \'Backtracking\', \'Tree\', \'2+\']'),
(378, '119_PASTRI', '119', 'https://leetcode.com/problems/pascal\'s-triangle-ii/description', 'Pascal\'s Triangle II', 'arr', 'Imported from LeetCode', 'Easy', 1000, 256, '[\'Array\', \'Dynamic Programming\']'),
(379, '3226_NUMOFZ', '3226', 'https://leetcode.com/problems/number-of-bit-changes-to-make-two-integers-equal/description', 'Number of Bit Changes to Make Two Integers Equal', 'arr', 'Imported from LeetCode', 'Easy', 1000, 256, '[\'Bit Manipulation\']'),
(380, '171_EXCSHE', '171', 'https://leetcode.com/problems/excel-sheet-column-number/description', 'Excel Sheet Column Number', 'arr', 'Imported from LeetCode', 'Easy', 1000, 256, '[\'Math\', \'String\']'),
(381, '293_FLIGAM', '293', 'https://leetcode.com/problems/flip-game/description', 'Flip Game', 'arr', 'Imported from LeetCode', 'Easy', 1000, 256, '[\'String\']'),
(382, '1455_CHEIFZ', '1455', 'https://leetcode.com/problems/check-if-a-word-occurs-as-a-prefix-of-any-word-in-a-sentence/description', 'Check If a Word Occurs As a Prefix of Any Word in a Sentence', 'arr', 'Imported from LeetCode', 'Easy', 1000, 256, '[\'Two Pointers\', \'String\', \'String Matching\']'),
(383, '1708_LARSUB', '1708', 'https://leetcode.com/problems/largest-subarray-length-k/description', 'Largest Subarray Length K', 'arr', 'Imported from LeetCode', 'Easy', 1000, 256, '[\'Array\', \'Greedy\']'),
(384, '2717_SEMPER', '2717', 'https://leetcode.com/problems/semi-ordered-permutation/description', 'Semi-Ordered Permutation', 'arr', 'Imported from LeetCode', 'Easy', 1000, 256, '[\'Array\', \'Simulation\']'),
(385, '3090_MAXLEN', '3090', 'https://leetcode.com/problems/maximum-length-substring-with-two-occurrences/description', 'Maximum Length Substring With Two Occurrences', 'arr', 'Imported from LeetCode', 'Easy', 1000, 256, '[\'Hash Table\', \'String\', \'Sliding Window\']'),
(386, '1408_STRMAT', '1408', 'https://leetcode.com/problems/string-matching-in-an-array/description', 'String Matching in an Array', 'arr', 'Imported from LeetCode', 'Easy', 1000, 256, '[\'Array\', \'String\', \'String Matching\']'),
(387, '1064_FIXPOI', '1064', 'https://leetcode.com/problems/fixed-point/description', 'Fixed Point', 'arr', 'Imported from LeetCode', 'Easy', 1000, 256, '[\'Array\', \'Binary Search\']'),
(388, '868_BINGAP', '868', 'https://leetcode.com/problems/binary-gap/description', 'Binary Gap', 'arr', 'Imported from LeetCode', 'Easy', 1000, 256, '[\'Bit Manipulation\']'),
(389, '2068_CHEWHE', '2068', 'https://leetcode.com/problems/check-whether-two-strings-are-almost-equivalent/description', 'Check Whether Two Strings are Almost Equivalent', 'arr', 'Imported from LeetCode', 'Easy', 1000, 256, '[\'Hash Table\', \'String\', \'Counting\']'),
(390, '1903_LARODD', '1903', 'https://leetcode.com/problems/largest-odd-number-in-string/description', 'Largest Odd Number in String', 'arr', 'Imported from LeetCode', 'Easy', 1000, 256, '[\'Math\', \'String\', \'Greedy\']'),
(391, '1758_MINCHA', '1758', 'https://leetcode.com/problems/minimum-changes-to-make-alternating-binary-string/description', 'Minimum Changes To Make Alternating Binary String', 'arr', 'Imported from LeetCode', 'Easy', 1000, 256, '[\'String\']'),
(392, '1137_N-TTRI', '1137', 'https://leetcode.com/problems/n-th-tribonacci-number/description', 'N-th Tribonacci Number', 'arr', 'Imported from LeetCode', 'Easy', 1000, 256, '[\'Math\', \'Dynamic Programming\', \'1+\']'),
(393, '100_SAMTRE', '100', 'https://leetcode.com/problems/same-tree/description', 'Same Tree', 'arr', 'Imported from LeetCode', 'Easy', 1000, 256, '[\'Tree\', \'Depth-First Search\', \'2+\']'),
(394, '2293_MINMAX', '2293', 'https://leetcode.com/problems/min-max-game/description', 'Min Max Game', 'arr', 'Imported from LeetCode', 'Easy', 1000, 256, '[\'Array\', \'Simulation\']'),
(395, '1491_AVESAL', '1491', 'https://leetcode.com/problems/average-salary-excluding-the-minimum-and-maximum-salary/description', 'Average Salary Excluding the Minimum and Maximum Salary', 'arr', 'Imported from LeetCode', 'Easy', 1000, 256, '[\'Array\', \'Sorting\']'),
(396, '1078_OCCAFT', '1078', 'https://leetcode.com/problems/occurrences-after-bigram/description', 'Occurrences After Bigram', 'arr', 'Imported from LeetCode', 'Easy', 1000, 256, '[\'String\']'),
(397, '566_RESTHE', '566', 'https://leetcode.com/problems/reshape-the-matrix/description', 'Reshape the Matrix', 'arr', 'Imported from LeetCode', 'Easy', 1000, 256, '[\'Array\', \'Matrix\', \'Simulation\']'),
(398, '3318_FINX-S', '3318', 'https://leetcode.com/problems/find-x-sum-of-all-k-long-subarrays-i/description', 'Find X-Sum of All K-Long Subarrays I', 'arr', 'Imported from LeetCode', 'Easy', 1000, 256, '[\'Array\', \'Hash Table\', \'Sliding Window\', \'1+\']'),
(399, '13_ROMTOZ', '13', 'https://leetcode.com/problems/roman-to-integer/description', 'Roman to Integer', 'arr', 'Imported from LeetCode', 'Easy', 1000, 256, '[\'Hash Table\', \'Math\', \'String\']'),
(400, '693_BINNUM', '693', 'https://leetcode.com/problems/binary-number-with-alternating-bits/description', 'Binary Number with Alternating Bits', 'arr', 'Imported from LeetCode', 'Easy', 1000, 256, '[\'Bit Manipulation\']'),
(401, '383_RANNOT', '383', 'https://leetcode.com/problems/ransom-note/description', 'Ransom Note', 'arr', 'Imported from LeetCode', 'Easy', 1000, 256, '[\'Hash Table\', \'String\', \'Counting\']'),
(402, '563_BINTRE', '563', 'https://leetcode.com/problems/binary-tree-tilt/description', 'Binary Tree Tilt', 'arr', 'Imported from LeetCode', 'Easy', 1000, 256, '[\'Tree\', \'Depth-First Search\', \'Binary Tree\']'),
(403, '387_FIRUNI', '387', 'https://leetcode.com/problems/first-unique-character-in-a-string/description', 'First Unique Character in a String', 'arr', 'Imported from LeetCode', 'Easy', 1000, 256, '[\'Hash Table\', \'String\', \'Queue\', \'1+\']'),
(404, '2164_SOREVE', '2164', 'https://leetcode.com/problems/sort-even-and-odd-indices-independently/description', 'Sort Even and Odd Indices Independently', 'arr', 'Imported from LeetCode', 'Easy', 1000, 256, '[\'Array\', \'Sorting\']'),
(405, '1496_PATCRO', '1496', 'https://leetcode.com/problems/path-crossing/description', 'Path Crossing', 'arr', 'Imported from LeetCode', 'Easy', 1000, 256, '[\'Hash Table\', \'String\']'),
(406, '2231_LARNUM', '2231', 'https://leetcode.com/problems/largest-number-after-digit-swaps-by-parity/description', 'Largest Number After Digit Swaps by Parity', 'arr', 'Imported from LeetCode', 'Easy', 1000, 256, '[\'Sorting\', \'Heap (Priority Queue)\']'),
(407, '888_FAICAN', '888', 'https://leetcode.com/problems/fair-candy-swap/description', 'Fair Candy Swap', 'arr', 'Imported from LeetCode', 'Easy', 1000, 256, '[\'Array\', \'Hash Table\', \'Binary Search\', \'1+\']'),
(408, '217_CONDUP', '217', 'https://leetcode.com/problems/contains-duplicate/description', 'Contains Duplicate', 'arr', 'Imported from LeetCode', 'Easy', 1000, 256, '[\'Array\', \'Hash Table\', \'Sorting\']'),
(409, '283_MOVZER', '283', 'https://leetcode.com/problems/move-zeroes/description', 'Move Zeroes', 'arr', 'Imported from LeetCode', 'Easy', 1000, 256, '[\'Array\', \'Two Pointers\']'),
(410, '3178_FINTHE', '3178', 'https://leetcode.com/problems/find-the-child-who-has-the-ball-after-k-seconds/description', 'Find the Child Who Has the Ball After K Seconds', 'arr', 'Imported from LeetCode', 'Easy', 1000, 256, '[\'Math\', \'Simulation\']'),
(411, '1422_MAXSCO', '1422', 'https://leetcode.com/problems/maximum-score-after-splitting-a-string/description', 'Maximum Score After Splitting a String', 'arr', 'Imported from LeetCode', 'Easy', 1000, 256, '[\'String\', \'Prefix Sum\']'),
(412, '1995_COUSPE', '1995', 'https://leetcode.com/problems/count-special-quadruplets/description', 'Count Special Quadruplets', 'arr', 'Imported from LeetCode', 'Easy', 1000, 256, '[\'Array\', \'Hash Table\', \'Enumeration\']'),
(413, '1800_MAXASC', '1800', 'https://leetcode.com/problems/maximum-ascending-subarray-sum/description', 'Maximum Ascending Subarray Sum', 'arr', 'Imported from LeetCode', 'Easy', 1000, 256, '[\'Array\']'),
(414, '2600_KZIITE', '2600', 'https://leetcode.com/problems/k-items-with-the-maximum-sum/description', 'K Items With the Maximum Sum', 'arr', 'Imported from LeetCode', 'Easy', 1000, 256, '[\'Math\', \'Greedy\']'),
(415, '1099_TWOSUM', '1099', 'https://leetcode.com/problems/two-sum-less-than-k/description', 'Two Sum Less Than K', 'arr', 'Imported from LeetCode', 'Easy', 1000, 256, '[\'Array\', \'Two Pointers\', \'Binary Search\', \'1+\']'),
(416, '2094_FIN3-D', '2094', 'https://leetcode.com/problems/finding-3-digit-even-numbers/description', 'Finding 3-Digit Even Numbers', 'arr', 'Imported from LeetCode', 'Easy', 1000, 256, '[\'Array\', \'Hash Table\', \'Sorting\', \'1+\']'),
(417, '2903_FININD', '2903', 'https://leetcode.com/problems/find-indices-with-index-and-value-difference-i/description', 'Find Indices With Index and Value Difference I', 'arr', 'Imported from LeetCode', 'Easy', 1000, 256, '[\'Array\', \'Two Pointers\']'),
(418, '543_DIAOFZ', '543', 'https://leetcode.com/problems/diameter-of-binary-tree/description', 'Diameter of Binary Tree', 'arr', 'Imported from LeetCode', 'Easy', 1000, 256, '[\'Tree\', \'Depth-First Search\', \'Binary Tree\']'),
(419, '2144_MINCOS', '2144', 'https://leetcode.com/problems/minimum-cost-of-buying-candies-with-discount/description', 'Minimum Cost of Buying Candies With Discount', 'arr', 'Imported from LeetCode', 'Easy', 1000, 256, '[\'Array\', \'Greedy\', \'Sorting\']'),
(420, '2900_LONUNE', '2900', 'https://leetcode.com/problems/longest-unequal-adjacent-groups-subsequence-i/description', 'Longest Unequal Adjacent Groups Subsequence I', 'arr', 'Imported from LeetCode', 'Easy', 1000, 256, '[\'Array\', \'String\', \'2+\']'),
(421, '653_TWOSUM', '653', 'https://leetcode.com/problems/two-sum-iv---input-is-a-bst/description', 'Two Sum IV - Input is a BST', 'arr', 'Imported from LeetCode', 'Easy', 1000, 256, '[\'Hash Table\', \'Two Pointers\', \'Tree\', \'4+\']'),
(422, '1854_MAXPOP', '1854', 'https://leetcode.com/problems/maximum-population-year/description', 'Maximum Population Year', 'arr', 'Imported from LeetCode', 'Easy', 1000, 256, '[\'Array\', \'Counting\', \'Prefix Sum\']'),
(423, '2229_CHEIFZ', '2229', 'https://leetcode.com/problems/check-if-an-array-is-consecutive/description', 'Check if an Array Is Consecutive', 'arr', 'Imported from LeetCode', 'Easy', 1000, 256, '[\'Array\', \'Hash Table\', \'Sorting\']'),
(424, '448_FINALL', '448', 'https://leetcode.com/problems/find-all-numbers-disappeared-in-an-array/description', 'Find All Numbers Disappeared in an Array', 'arr', 'Imported from LeetCode', 'Easy', 1000, 256, '[\'Array\', \'Hash Table\']'),
(425, '1869_LONCON', '1869', 'https://leetcode.com/problems/longer-contiguous-segments-of-ones-than-zeros/description', 'Longer Contiguous Segments of Ones than Zeros', 'arr', 'Imported from LeetCode', 'Easy', 1000, 256, '[\'String\']'),
(426, '3238_FINTHE', '3238', 'https://leetcode.com/problems/find-the-number-of-winning-players/description', 'Find the Number of Winning Players', 'arr', 'Imported from LeetCode', 'Easy', 1000, 256, '[\'Array\', \'Hash Table\', \'Counting\']'),
(427, '896_MONARR', '896', 'https://leetcode.com/problems/monotonic-array/description', 'Monotonic Array', 'arr', 'Imported from LeetCode', 'Easy', 1000, 256, '[\'Array\']'),
(428, '2210_COUHIL', '2210', 'https://leetcode.com/problems/count-hills-and-valleys-in-an-array/description', 'Count Hills and Valleys in an Array', 'arr', 'Imported from LeetCode', 'Easy', 1000, 256, '[\'Array\']'),
(429, '1952_THRDIV', '1952', 'https://leetcode.com/problems/three-divisors/description', 'Three Divisors', 'arr', 'Imported from LeetCode', 'Easy', 1000, 256, '[\'Math\', \'Enumeration\', \'Number Theory\']'),
(430, '812_LARTRI', '812', 'https://leetcode.com/problems/largest-triangle-area/description', 'Largest Triangle Area', 'arr', 'Imported from LeetCode', 'Easy', 1000, 256, '[\'Array\', \'Math\', \'Geometry\']'),
(431, '1763_LONNIC', '1763', 'https://leetcode.com/problems/longest-nice-substring/description', 'Longest Nice Substring', 'arr', 'Imported from LeetCode', 'Easy', 1000, 256, '[\'Hash Table\', \'String\', \'3+\']'),
(432, '404_SUMOFZ', '404', 'https://leetcode.com/problems/sum-of-left-leaves/description', 'Sum of Left Leaves', 'arr', 'Imported from LeetCode', 'Easy', 1000, 256, '[\'Tree\', \'Depth-First Search\', \'2+\']'),
(433, '1539_KTHMIS', '1539', 'https://leetcode.com/problems/kth-missing-positive-number/description', 'Kth Missing Positive Number', 'arr', 'Imported from LeetCode', 'Easy', 1000, 256, '[\'Array\', \'Binary Search\']'),
(434, '2869_MINOPE', '2869', 'https://leetcode.com/problems/minimum-operations-to-collect-elements/description', 'Minimum Operations to Collect Elements', 'arr', 'Imported from LeetCode', 'Easy', 1000, 256, '[\'Array\', \'Hash Table\', \'Bit Manipulation\']'),
(435, '1287_ELEAPP', '1287', 'https://leetcode.com/problems/element-appearing-more-than-25%-in-sorted-array/description', 'Element Appearing More Than 25% In Sorted Array', 'arr', 'Imported from LeetCode', 'Easy', 1000, 256, '[\'Array\']'),
(436, '521_LONUNC', '521', 'https://leetcode.com/problems/longest-uncommon-subsequence-i/description', 'Longest Uncommon Subsequence I', 'arr', 'Imported from LeetCode', 'Easy', 1000, 256, '[\'String\']'),
(437, '2347_BESPOK', '2347', 'https://leetcode.com/problems/best-poker-hand/description', 'Best Poker Hand', 'arr', 'Imported from LeetCode', 'Easy', 1000, 256, '[\'Array\', \'Hash Table\', \'Counting\']'),
(438, '485_MAXCON', '485', 'https://leetcode.com/problems/max-consecutive-ones/description', 'Max Consecutive Ones', 'arr', 'Imported from LeetCode', 'Easy', 1000, 256, '[\'Array\']'),
(439, '2455_AVEVAL', '2455', 'https://leetcode.com/problems/average-value-of-even-numbers-that-are-divisible-by-three/description', 'Average Value of Even Numbers That Are Divisible by Three', 'arr', 'Imported from LeetCode', 'Easy', 1000, 256, '[\'Array\', \'Math\']'),
(440, '1009_COMOFZ', '1009', 'https://leetcode.com/problems/complement-of-base-10-integer/description', 'Complement of Base 10 Integer', 'arr', 'Imported from LeetCode', 'Easy', 1000, 256, '[\'Bit Manipulation\']'),
(441, '2269_FINTHE', '2269', 'https://leetcode.com/problems/find-the-k-beauty-of-a-number/description', 'Find the K-Beauty of a Number', 'arr', 'Imported from LeetCode', 'Easy', 1000, 256, '[\'Math\', \'String\', \'Sliding Window\']'),
(442, '2549_COUDIS', '2549', 'https://leetcode.com/problems/count-distinct-numbers-on-board/description', 'Count Distinct Numbers on Board', 'arr', 'Imported from LeetCode', 'Easy', 1000, 256, '[\'Array\', \'Hash Table\', \'Math\', \'1+\']');
INSERT INTO `problem` (`id`, `code`, `Leetcode_ID`, `Leetcode_link`, `title`, `input_type`, `description`, `level`, `time_limit_ms`, `memory_limit_mb`, `tag`) VALUES
(443, '748_SHOCOM', '748', 'https://leetcode.com/problems/shortest-completing-word/description', 'Shortest Completing Word', 'arr', 'Imported from LeetCode', 'Easy', 1000, 256, '[\'Array\', \'Hash Table\', \'String\']'),
(444, '190_REVBIT', '190', 'https://leetcode.com/problems/reverse-bits/description', 'Reverse Bits', 'arr', 'Imported from LeetCode', 'Easy', 1000, 256, '[\'Divide and Conquer\', \'Bit Manipulation\']'),
(445, '1426_COUELE', '1426', 'https://leetcode.com/problems/counting-elements/description', 'Counting Elements', 'arr', 'Imported from LeetCode', 'Easy', 1000, 256, '[\'Array\', \'Hash Table\']'),
(446, '2566_MAXDIF', '2566', 'https://leetcode.com/problems/maximum-difference-by-remapping-a-digit/description', 'Maximum Difference by Remapping a Digit', 'arr', 'Imported from LeetCode', 'Easy', 1000, 256, '[\'Math\', \'Greedy\']'),
(447, '1446_CONCHA', '1446', 'https://leetcode.com/problems/consecutive-characters/description', 'Consecutive Characters', 'arr', 'Imported from LeetCode', 'Easy', 1000, 256, '[\'String\']'),
(448, '2451_ODDSTR', '2451', 'https://leetcode.com/problems/odd-string-difference/description', 'Odd String Difference', 'arr', 'Imported from LeetCode', 'Easy', 1000, 256, '[\'Array\', \'Hash Table\', \'String\']'),
(449, '783_MINDIS', '783', 'https://leetcode.com/problems/minimum-distance-between-bst-nodes/description', 'Minimum Distance Between BST Nodes', 'arr', 'Imported from LeetCode', 'Easy', 1000, 256, '[\'Tree\', \'Depth-First Search\', \'3+\']'),
(450, '796_ROTSTR', '796', 'https://leetcode.com/problems/rotate-string/description', 'Rotate String', 'arr', 'Imported from LeetCode', 'Easy', 1000, 256, '[\'String\', \'String Matching\']'),
(451, '1189_MAXNUM', '1189', 'https://leetcode.com/problems/maximum-number-of-balloons/description', 'Maximum Number of Balloons', 'arr', 'Imported from LeetCode', 'Easy', 1000, 256, '[\'Hash Table\', \'String\', \'Counting\']'),
(452, '2287_REACHA', '2287', 'https://leetcode.com/problems/rearrange-characters-to-make-target-string/description', 'Rearrange Characters to Make Target String', 'arr', 'Imported from LeetCode', 'Easy', 1000, 256, '[\'Hash Table\', \'String\', \'Counting\']'),
(453, '389_FINTHE', '389', 'https://leetcode.com/problems/find-the-difference/description', 'Find the Difference', 'arr', 'Imported from LeetCode', 'Easy', 1000, 256, '[\'Hash Table\', \'String\', \'2+\']'),
(454, '2148_COUELE', '2148', 'https://leetcode.com/problems/count-elements-with-strictly-smaller-and-greater-elements/description', 'Count Elements With Strictly Smaller and Greater Elements', 'arr', 'Imported from LeetCode', 'Easy', 1000, 256, '[\'Array\', \'Sorting\', \'Counting\']'),
(455, '2379_MINREC', '2379', 'https://leetcode.com/problems/minimum-recolors-to-get-k-consecutive-black-blocks/description', 'Minimum Recolors to Get K Consecutive Black Blocks', 'arr', 'Imported from LeetCode', 'Easy', 1000, 256, '[\'String\', \'Sliding Window\']'),
(456, '703_KTHLAR', '703', 'https://leetcode.com/problems/kth-largest-element-in-a-stream/description', 'Kth Largest Element in a Stream', 'arr', 'Imported from LeetCode', 'Easy', 1000, 256, '[\'Tree\', \'Design\', \'Binary Search Tree\', \'3+\']'),
(457, '3046_SPLTHE', '3046', 'https://leetcode.com/problems/split-the-array/description', 'Split the Array', 'arr', 'Imported from LeetCode', 'Easy', 1000, 256, '[\'Array\', \'Hash Table\', \'Counting\']'),
(458, '1629_SLOKEY', '1629', 'https://leetcode.com/problems/slowest-key/description', 'Slowest Key', 'arr', 'Imported from LeetCode', 'Easy', 1000, 256, '[\'Array\', \'String\']'),
(459, '160_INTOFZ', '160', 'https://leetcode.com/problems/intersection-of-two-linked-lists/description', 'Intersection of Two Linked Lists', 'arr', 'Imported from LeetCode', 'Easy', 1000, 256, '[\'Hash Table\', \'Linked List\', \'Two Pointers\']'),
(460, '1150_CHEIFZ', '1150', 'https://leetcode.com/problems/check-if-a-number-is-majority-element-in-a-sorted-array/description', 'Check If a Number Is Majority Element in a Sorted Array', 'arr', 'Imported from LeetCode', 'Easy', 1000, 256, '[\'Array\', \'Binary Search\']'),
(461, '2190_MOSFRE', '2190', 'https://leetcode.com/problems/most-frequent-number-following-key-in-an-array/description', 'Most Frequent Number Following Key In an Array', 'arr', 'Imported from LeetCode', 'Easy', 1000, 256, '[\'Array\', \'Hash Table\', \'Counting\']'),
(462, '1560_MOSVIS', '1560', 'https://leetcode.com/problems/most-visited-sector-in-a-circular-track/description', 'Most Visited Sector in a Circular Track', 'arr', 'Imported from LeetCode', 'Easy', 1000, 256, '[\'Array\', \'Simulation\']'),
(463, '2946_MATSIM', '2946', 'https://leetcode.com/problems/matrix-similarity-after-cyclic-shifts/description', 'Matrix Similarity After Cyclic Shifts', 'arr', 'Imported from LeetCode', 'Easy', 1000, 256, '[\'Array\', \'Math\', \'Matrix\', \'1+\']'),
(464, '724_FINPIV', '724', 'https://leetcode.com/problems/find-pivot-index/description', 'Find Pivot Index', 'arr', 'Imported from LeetCode', 'Easy', 1000, 256, '[\'Array\', \'Prefix Sum\']'),
(465, '492_CONTHE', '492', 'https://leetcode.com/problems/construct-the-rectangle/description', 'Construct the Rectangle', 'arr', 'Imported from LeetCode', 'Easy', 1000, 256, '[\'Math\']'),
(466, '2815_MAXPAI', '2815', 'https://leetcode.com/problems/max-pair-sum-in-an-array/description', 'Max Pair Sum in an Array', 'arr', 'Imported from LeetCode', 'Easy', 1000, 256, '[\'Array\', \'Hash Table\']'),
(467, '2273_FINRES', '2273', 'https://leetcode.com/problems/find-resultant-array-after-removing-anagrams/description', 'Find Resultant Array After Removing Anagrams', 'arr', 'Imported from LeetCode', 'Easy', 1000, 256, '[\'Array\', \'Hash Table\', \'String\', \'1+\']'),
(468, '350_INTOFZ', '350', 'https://leetcode.com/problems/intersection-of-two-arrays-ii/description', 'Intersection of Two Arrays II', 'arr', 'Imported from LeetCode', 'Easy', 1000, 256, '[\'Array\', \'Hash Table\', \'Two Pointers\', \'2+\']'),
(469, '704_BINSEA', '704', 'https://leetcode.com/problems/binary-search/description', 'Binary Search', 'arr', 'Imported from LeetCode', 'Easy', 1000, 256, '[\'Array\', \'Binary Search\']'),
(470, '27_REMELE', '27', 'https://leetcode.com/problems/remove-element/description', 'Remove Element', 'arr', 'Imported from LeetCode', 'Easy', 1000, 256, '[\'Array\', \'Two Pointers\']'),
(471, '1118_NUMOFZ', '1118', 'https://leetcode.com/problems/number-of-days-in-a-month/description', 'Number of Days in a Month', 'arr', 'Imported from LeetCode', 'Easy', 1000, 256, '[\'Math\']'),
(472, '530_MINABS', '530', 'https://leetcode.com/problems/minimum-absolute-difference-in-bst/description', 'Minimum Absolute Difference in BST', 'arr', 'Imported from LeetCode', 'Easy', 1000, 256, '[\'Tree\', \'Depth-First Search\', \'3+\']'),
(473, '2540_MINCOM', '2540', 'https://leetcode.com/problems/minimum-common-value/description', 'Minimum Common Value', 'arr', 'Imported from LeetCode', 'Easy', 1000, 256, '[\'Array\', \'Hash Table\', \'Two Pointers\', \'1+\']'),
(474, '252_MEEROO', '252', 'https://leetcode.com/problems/meeting-rooms/description', 'Meeting Rooms', 'arr', 'Imported from LeetCode', 'Easy', 1000, 256, '[\'Array\', \'Sorting\']'),
(475, '2465_NUMOFZ', '2465', 'https://leetcode.com/problems/number-of-distinct-averages/description', 'Number of Distinct Averages', 'arr', 'Imported from LeetCode', 'Easy', 1000, 256, '[\'Array\', \'Hash Table\', \'Two Pointers\', \'1+\']'),
(476, '2335_MINAMO', '2335', 'https://leetcode.com/problems/minimum-amount-of-time-to-fill-cups/description', 'Minimum Amount of Time to Fill Cups', 'arr', 'Imported from LeetCode', 'Easy', 1000, 256, '[\'Array\', \'Greedy\', \'Sorting\', \'1+\']'),
(477, '860_LEMCHA', '860', 'https://leetcode.com/problems/lemonade-change/description', 'Lemonade Change', 'arr', 'Imported from LeetCode', 'Easy', 1000, 256, '[\'Array\', \'Greedy\']'),
(478, '2855_MINRIG', '2855', 'https://leetcode.com/problems/minimum-right-shifts-to-sort-the-array/description', 'Minimum Right Shifts to Sort the Array', 'arr', 'Imported from LeetCode', 'Easy', 1000, 256, '[\'Array\']'),
(479, '1271_HEXSPE', '1271', 'https://leetcode.com/problems/hexspeak/description', 'Hexspeak', 'arr', 'Imported from LeetCode', 'Easy', 1000, 256, '[\'Math\', \'String\']'),
(480, '1175_PRIARR', '1175', 'https://leetcode.com/problems/prime-arrangements/description', 'Prime Arrangements', 'arr', 'Imported from LeetCode', 'Easy', 1000, 256, '[\'Math\']'),
(481, '1437_CHEIFZ', '1437', 'https://leetcode.com/problems/check-if-all-1\'s-are-at-least-length-k-places-away/description', 'Check If All 1\'s Are at Least Length K Places Away', 'arr', 'Imported from LeetCode', 'Easy', 1000, 256, '[\'Array\']'),
(482, '26_REMDUP', '26', 'https://leetcode.com/problems/remove-duplicates-from-sorted-array/description', 'Remove Duplicates from Sorted Array', 'arr', 'Imported from LeetCode', 'Easy', 1000, 256, '[\'Array\', \'Two Pointers\']'),
(483, '1185_DAYOFZ', '1185', 'https://leetcode.com/problems/day-of-the-week/description', 'Day of the Week', 'arr', 'Imported from LeetCode', 'Easy', 1000, 256, '[\'Math\']'),
(484, '9_PALNUM', '9', 'https://leetcode.com/problems/palindrome-number/description', 'Palindrome Number', 'arr', 'Imported from LeetCode', 'Easy', 1000, 256, '[\'Math\']'),
(485, '101_SYMTRE', '101', 'https://leetcode.com/problems/symmetric-tree/description', 'Symmetric Tree', 'arr', 'Imported from LeetCode', 'Easy', 1000, 256, '[\'Tree\', \'Depth-First Search\', \'2+\']'),
(486, '1886_DETWHE', '1886', 'https://leetcode.com/problems/determine-whether-matrix-can-be-obtained-by-rotation/description', 'Determine Whether Matrix Can Be Obtained By Rotation', 'arr', 'Imported from LeetCode', 'Easy', 1000, 256, '[\'Array\', \'Matrix\']'),
(487, '1984_MINDIF', '1984', 'https://leetcode.com/problems/minimum-difference-between-highest-and-lowest-of-k-scores/description', 'Minimum Difference Between Highest and Lowest of K Scores', 'arr', 'Imported from LeetCode', 'Easy', 1000, 256, '[\'Array\', \'Sliding Window\', \'Sorting\']'),
(488, '2016_MAXDIF', '2016', 'https://leetcode.com/problems/maximum-difference-between-increasing-elements/description', 'Maximum Difference Between Increasing Elements', 'arr', 'Imported from LeetCode', 'Easy', 1000, 256, '[\'Array\']'),
(489, '292_NIMGAM', '292', 'https://leetcode.com/problems/nim-game/description', 'Nim Game', 'arr', 'Imported from LeetCode', 'Easy', 1000, 256, '[\'Math\', \'Brainteaser\', \'Game Theory\']'),
(490, '3105_LONSTR', '3105', 'https://leetcode.com/problems/longest-strictly-increasing-or-strictly-decreasing-subarray/description', 'Longest Strictly Increasing or Strictly Decreasing Subarray', 'arr', 'Imported from LeetCode', 'Easy', 1000, 256, '[\'Array\']'),
(491, '993_COUINZ', '993', 'https://leetcode.com/problems/cousins-in-binary-tree/description', 'Cousins in Binary Tree', 'arr', 'Imported from LeetCode', 'Easy', 1000, 256, '[\'Tree\', \'Depth-First Search\', \'2+\']'),
(492, '202_HAPNUM', '202', 'https://leetcode.com/problems/happy-number/description', 'Happy Number', 'arr', 'Imported from LeetCode', 'Easy', 1000, 256, '[\'Hash Table\', \'Math\', \'Two Pointers\']'),
(493, '697_DEGOFZ', '697', 'https://leetcode.com/problems/degree-of-an-array/description', 'Degree of an Array', 'arr', 'Imported from LeetCode', 'Easy', 1000, 256, '[\'Array\', \'Hash Table\']'),
(494, '2582_PASTHE', '2582', 'https://leetcode.com/problems/pass-the-pillow/description', 'Pass the Pillow', 'arr', 'Imported from LeetCode', 'Easy', 1000, 256, '[\'Math\', \'Simulation\']'),
(495, '1640_CHEARR', '1640', 'https://leetcode.com/problems/check-array-formation-through-concatenation/description', 'Check Array Formation Through Concatenation', 'arr', 'Imported from LeetCode', 'Easy', 1000, 256, '[\'Array\', \'Hash Table\']'),
(496, '495_TEEATT', '495', 'https://leetcode.com/problems/teemo-attacking/description', 'Teemo Attacking', 'arr', 'Imported from LeetCode', 'Easy', 1000, 256, '[\'Array\', \'Simulation\']'),
(497, '501_FINMOD', '501', 'https://leetcode.com/problems/find-mode-in-binary-search-tree/description', 'Find Mode in Binary Search Tree', 'arr', 'Imported from LeetCode', 'Easy', 1000, 256, '[\'Tree\', \'Depth-First Search\', \'2+\']'),
(498, '599_MININD', '599', 'https://leetcode.com/problems/minimum-index-sum-of-two-lists/description', 'Minimum Index Sum of Two Lists', 'arr', 'Imported from LeetCode', 'Easy', 1000, 256, '[\'Array\', \'Hash Table\', \'String\']'),
(499, '598_RANADD', '598', 'https://leetcode.com/problems/range-addition-ii/description', 'Range Addition II', 'arr', 'Imported from LeetCode', 'Easy', 1000, 256, '[\'Array\', \'Math\']'),
(500, '976_LARPER', '976', 'https://leetcode.com/problems/largest-perimeter-triangle/description', 'Largest Perimeter Triangle', 'arr', 'Imported from LeetCode', 'Easy', 1000, 256, '[\'Array\', \'Math\', \'Greedy\', \'1+\']'),
(501, '520_DETCAP', '520', 'https://leetcode.com/problems/detect-capital/description', 'Detect Capital', 'arr', 'Imported from LeetCode', 'Easy', 1000, 256, '[\'String\']'),
(502, '594_LONHAR', '594', 'https://leetcode.com/problems/longest-harmonious-subsequence/description', 'Longest Harmonious Subsequence', 'arr', 'Imported from LeetCode', 'Easy', 1000, 256, '[\'Array\', \'Hash Table\', \'Sliding Window\', \'2+\']'),
(503, '2027_MINMOV', '2027', 'https://leetcode.com/problems/minimum-moves-to-convert-string/description', 'Minimum Moves to Convert String', 'arr', 'Imported from LeetCode', 'Easy', 1000, 256, '[\'String\', \'Greedy\']'),
(504, '401_BINWAT', '401', 'https://leetcode.com/problems/binary-watch/description', 'Binary Watch', 'arr', 'Imported from LeetCode', 'Easy', 1000, 256, '[\'Backtracking\', \'Bit Manipulation\']'),
(505, '409_LONPAL', '409', 'https://leetcode.com/problems/longest-palindrome/description', 'Longest Palindrome', 'arr', 'Imported from LeetCode', 'Easy', 1000, 256, '[\'Hash Table\', \'String\', \'Greedy\']'),
(506, '953_VERANZ', '953', 'https://leetcode.com/problems/verifying-an-alien-dictionary/description', 'Verifying an Alien Dictionary', 'arr', 'Imported from LeetCode', 'Easy', 1000, 256, '[\'Array\', \'Hash Table\', \'String\']'),
(507, '345_REVVOW', '345', 'https://leetcode.com/problems/reverse-vowels-of-a-string/description', 'Reverse Vowels of a String', 'arr', 'Imported from LeetCode', 'Easy', 1000, 256, '[\'Two Pointers\', \'String\']'),
(508, '2299_STRPAS', '2299', 'https://leetcode.com/problems/strong-password-checker-ii/description', 'Strong Password Checker II', 'arr', 'Imported from LeetCode', 'Easy', 1000, 256, '[\'String\']'),
(509, '1427_PERSTR', '1427', 'https://leetcode.com/problems/perform-string-shifts/description', 'Perform String Shifts', 'arr', 'Imported from LeetCode', 'Easy', 1000, 256, '[\'Array\', \'Math\', \'String\']'),
(510, '67_ADDBIN', '67', 'https://leetcode.com/problems/add-binary/description', 'Add Binary', 'arr', 'Imported from LeetCode', 'Easy', 1000, 256, '[\'Math\', \'String\', \'Bit Manipulation\', \'1+\']'),
(511, '3330_FINTHE', '3330', 'https://leetcode.com/problems/find-the-original-typed-string-i/description', 'Find the Original Typed String I', 'arr', 'Imported from LeetCode', 'Easy', 1000, 256, '[\'String\']'),
(512, '2605_FORSMA', '2605', 'https://leetcode.com/problems/form-smallest-number-from-two-digit-arrays/description', 'Form Smallest Number From Two Digit Arrays', 'arr', 'Imported from LeetCode', 'Easy', 1000, 256, '[\'Array\', \'Hash Table\', \'Enumeration\']'),
(513, '1848_MINDIS', '1848', 'https://leetcode.com/problems/minimum-distance-to-the-target-element/description', 'Minimum Distance to the Target Element', 'arr', 'Imported from LeetCode', 'Easy', 1000, 256, '[\'Array\']'),
(514, '374_GUENUM', '374', 'https://leetcode.com/problems/guess-number-higher-or-lower/description', 'Guess Number Higher or Lower', 'arr', 'Imported from LeetCode', 'Easy', 1000, 256, '[\'Binary Search\', \'Interactive\']'),
(515, '234_PALLIN', '234', 'https://leetcode.com/problems/palindrome-linked-list/description', 'Palindrome Linked List', 'arr', 'Imported from LeetCode', 'Easy', 1000, 256, '[\'Linked List\', \'Two Pointers\', \'Stack\', \'1+\']'),
(516, '121_BESTIM', '121', 'https://leetcode.com/problems/best-time-to-buy-and-sell-stock/description', 'Best Time to Buy and Sell Stock', 'arr', 'Imported from LeetCode', 'Easy', 1000, 256, '[\'Array\', \'Dynamic Programming\']'),
(517, '1184_DISBET', '1184', 'https://leetcode.com/problems/distance-between-bus-stops/description', 'Distance Between Bus Stops', 'arr', 'Imported from LeetCode', 'Easy', 1000, 256, '[\'Array\']'),
(518, '58_LENOFZ', '58', 'https://leetcode.com/problems/length-of-last-word/description', 'Length of Last Word', 'arr', 'Imported from LeetCode', 'Easy', 1000, 256, '[\'String\']'),
(519, '1_TWOSUM', '1', 'https://leetcode.com/problems/two-sum/description', 'Two Sum', 'arr', 'Imported from LeetCode', 'Easy', 1000, 256, '[\'Array\', \'Hash Table\']'),
(520, '3216_LEXSMA', '3216', 'https://leetcode.com/problems/lexicographically-smallest-string-after-a-swap/description', 'Lexicographically Smallest String After a Swap', 'arr', 'Imported from LeetCode', 'Easy', 1000, 256, '[\'String\', \'Greedy\']'),
(521, '1275_FINWIN', '1275', 'https://leetcode.com/problems/find-winner-on-a-tic-tac-toe-game/description', 'Find Winner on a Tic Tac Toe Game', 'arr', 'Imported from LeetCode', 'Easy', 1000, 256, '[\'Array\', \'Hash Table\', \'Matrix\', \'1+\']'),
(522, '1317_CONINT', '1317', 'https://leetcode.com/problems/convert-integer-to-the-sum-of-two-no-zero-integers/description', 'Convert Integer to the Sum of Two No-Zero Integers', 'arr', 'Imported from LeetCode', 'Easy', 1000, 256, '[\'Math\']'),
(523, '1971_FINIFZ', '1971', 'https://leetcode.com/problems/find-if-path-exists-in-graph/description', 'Find if Path Exists in Graph', 'arr', 'Imported from LeetCode', 'Easy', 1000, 256, '[\'Depth-First Search\', \'3+\']'),
(524, '1176_DIEPLA', '1176', 'https://leetcode.com/problems/diet-plan-performance/description', 'Diet Plan Performance', 'arr', 'Imported from LeetCode', 'Easy', 1000, 256, '[\'Array\', \'Sliding Window\']'),
(525, '83_REMDUP', '83', 'https://leetcode.com/problems/remove-duplicates-from-sorted-list/description', 'Remove Duplicates from Sorted List', 'arr', 'Imported from LeetCode', 'Easy', 1000, 256, '[\'Linked List\']'),
(526, '2481_MINCUT', '2481', 'https://leetcode.com/problems/minimum-cuts-to-divide-a-circle/description', 'Minimum Cuts to Divide a Circle', 'arr', 'Imported from LeetCode', 'Easy', 1000, 256, '[\'Math\', \'Geometry\']'),
(527, '1556_THOSEP', '1556', 'https://leetcode.com/problems/thousand-separator/description', 'Thousand Separator', 'arr', 'Imported from LeetCode', 'Easy', 1000, 256, '[\'String\']'),
(528, '110_BALBIN', '110', 'https://leetcode.com/problems/balanced-binary-tree/description', 'Balanced Binary Tree', 'arr', 'Imported from LeetCode', 'Easy', 1000, 256, '[\'Tree\', \'Depth-First Search\', \'Binary Tree\']'),
(529, '2806_ACCBAL', '2806', 'https://leetcode.com/problems/account-balance-after-rounded-purchase/description', 'Account Balance After Rounded Purchase', 'arr', 'Imported from LeetCode', 'Easy', 1000, 256, '[\'Math\']'),
(530, '2970_COUTHE', '2970', 'https://leetcode.com/problems/count-the-number-of-incremovable-subarrays-i/description', 'Count the Number of Incremovable Subarrays I', 'arr', 'Imported from LeetCode', 'Easy', 1000, 256, '[\'Array\', \'Two Pointers\', \'Binary Search\', \'1+\']'),
(531, '455_ASSCOO', '455', 'https://leetcode.com/problems/assign-cookies/description', 'Assign Cookies', 'arr', 'Imported from LeetCode', 'Easy', 1000, 256, '[\'Array\', \'Two Pointers\', \'Greedy\', \'1+\']'),
(532, '70_CLISTA', '70', 'https://leetcode.com/problems/climbing-stairs/description', 'Climbing Stairs', 'arr', 'Imported from LeetCode', 'Easy', 1000, 256, '[\'Math\', \'Dynamic Programming\', \'1+\']'),
(533, '744_FINSMA', '744', 'https://leetcode.com/problems/find-smallest-letter-greater-than-target/description', 'Find Smallest Letter Greater Than Target', 'arr', 'Imported from LeetCode', 'Easy', 1000, 256, '[\'Array\', \'Binary Search\']'),
(534, '1961_CHEIFZ', '1961', 'https://leetcode.com/problems/check-if-string-is-a-prefix-of-array/description', 'Check If String Is a Prefix of Array', 'arr', 'Imported from LeetCode', 'Easy', 1000, 256, '[\'Array\', \'Two Pointers\', \'String\']'),
(535, '1243_ARRTRA', '1243', 'https://leetcode.com/problems/array-transformation/description', 'Array Transformation', 'arr', 'Imported from LeetCode', 'Easy', 1000, 256, '[\'Array\', \'Simulation\']'),
(536, '830_POSOFZ', '830', 'https://leetcode.com/problems/positions-of-large-groups/description', 'Positions of Large Groups', 'arr', 'Imported from LeetCode', 'Easy', 1000, 256, '[\'String\']'),
(537, '3038_MAXNUM', '3038', 'https://leetcode.com/problems/maximum-number-of-operations-with-the-same-score-i/description', 'Maximum Number of Operations With the Same Score I', 'arr', 'Imported from LeetCode', 'Easy', 1000, 256, '[\'Array\', \'Simulation\']'),
(538, '2729_CHEIFZ', '2729', 'https://leetcode.com/problems/check-if-the-number-is-fascinating/description', 'Check if The Number is Fascinating', 'arr', 'Imported from LeetCode', 'Easy', 1000, 256, '[\'Hash Table\', \'Math\']'),
(539, '1417_REFTHE', '1417', 'https://leetcode.com/problems/reformat-the-string/description', 'Reformat The String', 'arr', 'Imported from LeetCode', 'Easy', 1000, 256, '[\'String\']'),
(540, '1089_DUPZER', '1089', 'https://leetcode.com/problems/duplicate-zeros/description', 'Duplicate Zeros', 'arr', 'Imported from LeetCode', 'Easy', 1000, 256, '[\'Array\', \'Two Pointers\']'),
(541, '2133_CHEIFZ', '2133', 'https://leetcode.com/problems/check-if-every-row-and-column-contains-all-numbers/description', 'Check if Every Row and Column Contains All Numbers', 'arr', 'Imported from LeetCode', 'Easy', 1000, 256, '[\'Array\', \'Hash Table\', \'Matrix\']'),
(542, '1071_GRECOM', '1071', 'https://leetcode.com/problems/greatest-common-divisor-of-strings/description', 'Greatest Common Divisor of Strings', 'arr', 'Imported from LeetCode', 'Easy', 1000, 256, '[\'Math\', \'String\']'),
(543, '1228_MISNUM', '1228', 'https://leetcode.com/problems/missing-number-in-arithmetic-progression/description', 'Missing Number In Arithmetic Progression', 'arr', 'Imported from LeetCode', 'Easy', 1000, 256, '[\'Array\', \'Math\']'),
(544, '3127_MAKAZS', '3127', 'https://leetcode.com/problems/make-a-square-with-the-same-color/description', 'Make a Square with the Same Color', 'arr', 'Imported from LeetCode', 'Easy', 1000, 256, '[\'Array\', \'Matrix\', \'Enumeration\']'),
(545, '228_SUMRAN', '228', 'https://leetcode.com/problems/summary-ranges/description', 'Summary Ranges', 'arr', 'Imported from LeetCode', 'Easy', 1000, 256, '[\'Array\']'),
(546, '3222_FINTHE', '3222', 'https://leetcode.com/problems/find-the-winning-player-in-coin-game/description', 'Find the Winning Player in Coin Game', 'arr', 'Imported from LeetCode', 'Easy', 1000, 256, '[\'Math\', \'Simulation\', \'Game Theory\']'),
(547, '1752_CHEIFZ', '1752', 'https://leetcode.com/problems/check-if-array-is-sorted-and-rotated/description', 'Check if Array Is Sorted and Rotated', 'arr', 'Imported from LeetCode', 'Easy', 1000, 256, '[\'Array\']'),
(548, '2446_DETIFZ', '2446', 'https://leetcode.com/problems/determine-if-two-events-have-conflict/description', 'Determine if Two Events Have Conflict', 'arr', 'Imported from LeetCode', 'Easy', 1000, 256, '[\'Array\', \'String\']'),
(549, '1005_MAXSUM', '1005', 'https://leetcode.com/problems/maximize-sum-of-array-after-k-negations/description', 'Maximize Sum Of Array After K Negations', 'arr', 'Imported from LeetCode', 'Easy', 1000, 256, '[\'Array\', \'Greedy\', \'Sorting\']'),
(550, '415_ADDSTR', '415', 'https://leetcode.com/problems/add-strings/description', 'Add Strings', 'arr', 'Imported from LeetCode', 'Easy', 1000, 256, '[\'Math\', \'String\', \'Simulation\']'),
(551, '112_PATSUM', '112', 'https://leetcode.com/problems/path-sum/description', 'Path Sum', 'arr', 'Imported from LeetCode', 'Easy', 1000, 256, '[\'Tree\', \'Depth-First Search\', \'2+\']'),
(552, '88_MERSOR', '88', 'https://leetcode.com/problems/merge-sorted-array/description', 'Merge Sorted Array', 'arr', 'Imported from LeetCode', 'Easy', 1000, 256, '[\'Array\', \'Two Pointers\', \'Sorting\']'),
(553, '141_LINLIS', '141', 'https://leetcode.com/problems/linked-list-cycle/description', 'Linked List Cycle', 'arr', 'Imported from LeetCode', 'Easy', 1000, 256, '[\'Hash Table\', \'Linked List\', \'Two Pointers\']'),
(554, '541_REVSTR', '541', 'https://leetcode.com/problems/reverse-string-ii/description', 'Reverse String II', 'arr', 'Imported from LeetCode', 'Easy', 1000, 256, '[\'Two Pointers\', \'String\']'),
(555, '2404_MOSFRE', '2404', 'https://leetcode.com/problems/most-frequent-even-element/description', 'Most Frequent Even Element', 'arr', 'Imported from LeetCode', 'Easy', 1000, 256, '[\'Array\', \'Hash Table\', \'Counting\']'),
(556, '1796_SECLAR', '1796', 'https://leetcode.com/problems/second-largest-digit-in-a-string/description', 'Second Largest Digit in a String', 'arr', 'Imported from LeetCode', 'Easy', 1000, 256, '[\'Hash Table\', \'String\']'),
(557, '1933_CHEIFZ', '1933', 'https://leetcode.com/problems/check-if-string-is-decomposable-into-value-equal-substrings/description', 'Check if String Is Decomposable Into Value-Equal Substrings', 'arr', 'Imported from LeetCode', 'Easy', 1000, 256, '[\'String\']'),
(558, '2748_NUMOFZ', '2748', 'https://leetcode.com/problems/number-of-beautiful-pairs/description', 'Number of Beautiful Pairs', 'arr', 'Imported from LeetCode', 'Easy', 1000, 256, '[\'Array\', \'Hash Table\', \'Math\', \'2+\']'),
(559, '504_BAS7', '504', 'https://leetcode.com/problems/base-7/description', 'Base 7', 'arr', 'Imported from LeetCode', 'Easy', 1000, 256, '[\'Math\']'),
(560, '270_CLOBIN', '270', 'https://leetcode.com/problems/closest-binary-search-tree-value/description', 'Closest Binary Search Tree Value', 'arr', 'Imported from LeetCode', 'Easy', 1000, 256, '[\'Binary Search\', \'Tree\', \'3+\']'),
(561, '1646_GETMAX', '1646', 'https://leetcode.com/problems/get-maximum-in-generated-array/description', 'Get Maximum in Generated Array', 'arr', 'Imported from LeetCode', 'Easy', 1000, 256, '[\'Array\', \'Simulation\']'),
(562, '1360_NUMOFZ', '1360', 'https://leetcode.com/problems/number-of-days-between-two-dates/description', 'Number of Days Between Two Dates', 'arr', 'Imported from LeetCode', 'Easy', 1000, 256, '[\'Math\', \'String\']'),
(563, '674_LONCON', '674', 'https://leetcode.com/problems/longest-continuous-increasing-subsequence/description', 'Longest Continuous Increasing Subsequence', 'arr', 'Imported from LeetCode', 'Easy', 1000, 256, '[\'Array\']'),
(564, '2432_THEEMP', '2432', 'https://leetcode.com/problems/the-employee-that-worked-on-the-longest-task/description', 'The Employee That Worked on the Longest Task', 'arr', 'Imported from LeetCode', 'Easy', 1000, 256, '[\'Array\']'),
(565, '1826_FAUSEN', '1826', 'https://leetcode.com/problems/faulty-sensor/description', 'Faulty Sensor', 'arr', 'Imported from LeetCode', 'Easy', 1000, 256, '[\'Array\', \'Two Pointers\']'),
(566, '203_REMLIN', '203', 'https://leetcode.com/problems/remove-linked-list-elements/description', 'Remove Linked List Elements', 'arr', 'Imported from LeetCode', 'Easy', 1000, 256, '[\'Linked List\', \'Recursion\']'),
(567, '1893_CHEIFZ', '1893', 'https://leetcode.com/problems/check-if-all-the-integers-in-a-range-are-covered/description', 'Check if All the Integers in a Range Are Covered', 'arr', 'Imported from LeetCode', 'Easy', 1000, 256, '[\'Array\', \'Hash Table\', \'Prefix Sum\']'),
(568, '1523_COUODD', '1523', 'https://leetcode.com/problems/count-odd-numbers-in-an-interval-range/description', 'Count Odd Numbers in an Interval Range', 'arr', 'Imported from LeetCode', 'Easy', 1000, 256, '[\'Math\']'),
(569, '2515_SHODIS', '2515', 'https://leetcode.com/problems/shortest-distance-to-target-string-in-a-circular-array/description', 'Shortest Distance to Target String in a Circular Array', 'arr', 'Imported from LeetCode', 'Easy', 1000, 256, '[\'Array\', \'String\']'),
(570, '997_FINTHE', '997', 'https://leetcode.com/problems/find-the-town-judge/description', 'Find the Town Judge', 'arr', 'Imported from LeetCode', 'Easy', 1000, 256, '[\'Array\', \'Hash Table\', \'Graph\']'),
(571, '747_LARNUM', '747', 'https://leetcode.com/problems/largest-number-at-least-twice-of-others/description', 'Largest Number At Least Twice of Others', 'arr', 'Imported from LeetCode', 'Easy', 1000, 256, '[\'Array\', \'Sorting\']'),
(572, '2644_FINTHE', '2644', 'https://leetcode.com/problems/find-the-maximum-divisibility-score/description', 'Find the Maximum Divisibility Score', 'arr', 'Imported from LeetCode', 'Easy', 1000, 256, '[\'Array\']'),
(573, '2682_FINTHE', '2682', 'https://leetcode.com/problems/find-the-losers-of-the-circular-game/description', 'Find the Losers of the Circular Game', 'arr', 'Imported from LeetCode', 'Easy', 1000, 256, '[\'Array\', \'Hash Table\', \'Simulation\']'),
(574, '405_CONAZN', '405', 'https://leetcode.com/problems/convert-a-number-to-hexadecimal/description', 'Convert a Number to Hexadecimal', 'arr', 'Imported from LeetCode', 'Easy', 1000, 256, '[\'Math\', \'Bit Manipulation\']'),
(575, '2784_CHEIFZ', '2784', 'https://leetcode.com/problems/check-if-array-is-good/description', 'Check if Array is Good', 'arr', 'Imported from LeetCode', 'Easy', 1000, 256, '[\'Array\', \'Hash Table\', \'Sorting\']'),
(576, '551_STUATT', '551', 'https://leetcode.com/problems/student-attendance-record-i/description', 'Student Attendance Record I', 'arr', 'Imported from LeetCode', 'Easy', 1000, 256, '[\'String\']'),
(577, '844_BACSTR', '844', 'https://leetcode.com/problems/backspace-string-compare/description', 'Backspace String Compare', 'arr', 'Imported from LeetCode', 'Easy', 1000, 256, '[\'Two Pointers\', \'String\', \'Stack\', \'1+\']'),
(578, '111_MINDEP', '111', 'https://leetcode.com/problems/minimum-depth-of-binary-tree/description', 'Minimum Depth of Binary Tree', 'arr', 'Imported from LeetCode', 'Easy', 1000, 256, '[\'Tree\', \'Depth-First Search\', \'2+\']'),
(579, '125_VALPAL', '125', 'https://leetcode.com/problems/valid-palindrome/description', 'Valid Palindrome', 'arr', 'Imported from LeetCode', 'Easy', 1000, 256, '[\'Two Pointers\', \'String\']'),
(580, '1154_DAYOFZ', '1154', 'https://leetcode.com/problems/day-of-the-year/description', 'Day of the Year', 'arr', 'Imported from LeetCode', 'Easy', 1000, 256, '[\'Math\', \'String\']'),
(581, '1056_CONNUM', '1056', 'https://leetcode.com/problems/confusing-number/description', 'Confusing Number', 'arr', 'Imported from LeetCode', 'Easy', 1000, 256, '[\'Math\']'),
(582, '572_SUBOFZ', '572', 'https://leetcode.com/problems/subtree-of-another-tree/description', 'Subtree of Another Tree', 'arr', 'Imported from LeetCode', 'Easy', 1000, 256, '[\'Tree\', \'Depth-First Search\', \'3+\']'),
(583, '1128_NUMOFZ', '1128', 'https://leetcode.com/problems/number-of-equivalent-domino-pairs/description', 'Number of Equivalent Domino Pairs', 'arr', 'Imported from LeetCode', 'Easy', 1000, 256, '[\'Array\', \'Hash Table\', \'Counting\']'),
(584, '342_POWOFZ', '342', 'https://leetcode.com/problems/power-of-four/description', 'Power of Four', 'arr', 'Imported from LeetCode', 'Easy', 1000, 256, '[\'Math\', \'Bit Manipulation\', \'Recursion\']'),
(585, '392_ISZSUB', '392', 'https://leetcode.com/problems/is-subsequence/description', 'Is Subsequence', 'arr', 'Imported from LeetCode', 'Easy', 1000, 256, '[\'Two Pointers\', \'String\', \'1+\']'),
(586, '231_POWOFZ', '231', 'https://leetcode.com/problems/power-of-two/description', 'Power of Two', 'arr', 'Imported from LeetCode', 'Easy', 1000, 256, '[\'Math\', \'Bit Manipulation\', \'Recursion\']'),
(587, '246_STRNUM', '246', 'https://leetcode.com/problems/strobogrammatic-number/description', 'Strobogrammatic Number', 'arr', 'Imported from LeetCode', 'Easy', 1000, 256, '[\'Hash Table\', \'Two Pointers\', \'String\']'),
(588, '35_SEAINS', '35', 'https://leetcode.com/problems/search-insert-position/description', 'Search Insert Position', 'arr', 'Imported from LeetCode', 'Easy', 1000, 256, '[\'Array\', \'Binary Search\']'),
(589, '2839_CHEIFZ', '2839', 'https://leetcode.com/problems/check-if-strings-can-be-made-equal-with-operations-i/description', 'Check if Strings Can be Made Equal With Operations I', 'arr', 'Imported from LeetCode', 'Easy', 1000, 256, '[\'String\']'),
(590, '326_POWOFZ', '326', 'https://leetcode.com/problems/power-of-three/description', 'Power of Three', 'arr', 'Imported from LeetCode', 'Easy', 1000, 256, '[\'Math\', \'Recursion\']'),
(591, '2437_NUMOFZ', '2437', 'https://leetcode.com/problems/number-of-valid-clock-times/description', 'Number of Valid Clock Times', 'arr', 'Imported from LeetCode', 'Easy', 1000, 256, '[\'String\', \'Enumeration\']'),
(592, '219_CONDUP', '219', 'https://leetcode.com/problems/contains-duplicate-ii/description', 'Contains Duplicate II', 'arr', 'Imported from LeetCode', 'Easy', 1000, 256, '[\'Array\', \'Hash Table\', \'Sliding Window\']'),
(593, '441_ARRCOI', '441', 'https://leetcode.com/problems/arranging-coins/description', 'Arranging Coins', 'arr', 'Imported from LeetCode', 'Easy', 1000, 256, '[\'Math\', \'Binary Search\']'),
(594, '1018_BINPRE', '1018', 'https://leetcode.com/problems/binary-prefix-divisible-by-5/description', 'Binary Prefix Divisible By 5', 'arr', 'Imported from LeetCode', 'Easy', 1000, 256, '[\'Array\', \'Bit Manipulation\']'),
(595, '2609_FINTHE', '2609', 'https://leetcode.com/problems/find-the-longest-balanced-substring-of-a-binary-string/description', 'Find the Longest Balanced Substring of a Binary String', 'arr', 'Imported from LeetCode', 'Easy', 1000, 256, '[\'String\']'),
(596, '2239_FINCLO', '2239', 'https://leetcode.com/problems/find-closest-number-to-zero/description', 'Find Closest Number to Zero', 'arr', 'Imported from LeetCode', 'Easy', 1000, 256, '[\'Array\']'),
(597, '66_PLUONE', '66', 'https://leetcode.com/problems/plus-one/description', 'Plus One', 'arr', 'Imported from LeetCode', 'Easy', 1000, 256, '[\'Array\', \'Math\']'),
(598, '459_REPSUB', '459', 'https://leetcode.com/problems/repeated-substring-pattern/description', 'Repeated Substring Pattern', 'arr', 'Imported from LeetCode', 'Easy', 1000, 256, '[\'String\', \'String Matching\']'),
(599, '2873_MAXVAL', '2873', 'https://leetcode.com/problems/maximum-value-of-an-ordered-triplet-i/description', 'Maximum Value of an Ordered Triplet I', 'arr', 'Imported from LeetCode', 'Easy', 1000, 256, '[\'Array\']'),
(600, '2259_REMDIG', '2259', 'https://leetcode.com/problems/remove-digit-from-number-to-maximize-result/description', 'Remove Digit From Number to Maximize Result', 'arr', 'Imported from LeetCode', 'Easy', 1000, 256, '[\'String\', \'Greedy\', \'Enumeration\']'),
(601, '1790_CHEIFZ', '1790', 'https://leetcode.com/problems/check-if-one-string-swap-can-make-strings-equal/description', 'Check if One String Swap Can Make Strings Equal', 'arr', 'Imported from LeetCode', 'Easy', 1000, 256, '[\'Hash Table\', \'String\', \'Counting\']'),
(602, '1576_REPALL', '1576', 'https://leetcode.com/problems/replace-all-?\'s-to-avoid-consecutive-repeating-characters/description', 'Replace All ?\'s to Avoid Consecutive Repeating Characters', 'arr', 'Imported from LeetCode', 'Easy', 1000, 256, '[\'String\']'),
(603, '205_ISOSTR', '205', 'https://leetcode.com/problems/isomorphic-strings/description', 'Isomorphic Strings', 'arr', 'Imported from LeetCode', 'Easy', 1000, 256, '[\'Hash Table\', \'String\']'),
(604, '2409_COUDAY', '2409', 'https://leetcode.com/problems/count-days-spent-together/description', 'Count Days Spent Together', 'arr', 'Imported from LeetCode', 'Easy', 1000, 256, '[\'Math\', \'String\']'),
(605, '628_MAXPRO', '628', 'https://leetcode.com/problems/maximum-product-of-three-numbers/description', 'Maximum Product of Three Numbers', 'arr', 'Imported from LeetCode', 'Easy', 1000, 256, '[\'Array\', \'Math\', \'Sorting\']'),
(606, '717_1-BAND', '717', 'https://leetcode.com/problems/1-bit-and-2-bit-characters/description', '1-bit and 2-bit Characters', 'arr', 'Imported from LeetCode', 'Easy', 1000, 256, '[\'Array\']'),
(607, '836_RECOVE', '836', 'https://leetcode.com/problems/rectangle-overlap/description', 'Rectangle Overlap', 'arr', 'Imported from LeetCode', 'Easy', 1000, 256, '[\'Math\', \'Geometry\']'),
(608, '989_ADDTOZ', '989', 'https://leetcode.com/problems/add-to-array-form-of-integer/description', 'Add to Array-Form of Integer', 'arr', 'Imported from LeetCode', 'Easy', 1000, 256, '[\'Array\', \'Math\']'),
(609, '278_FIRBAD', '278', 'https://leetcode.com/problems/first-bad-version/description', 'First Bad Version', 'arr', 'Imported from LeetCode', 'Easy', 1000, 256, '[\'Binary Search\', \'Interactive\']'),
(610, '671_SECMIN', '671', 'https://leetcode.com/problems/second-minimum-node-in-a-binary-tree/description', 'Second Minimum Node In a Binary Tree', 'arr', 'Imported from LeetCode', 'Easy', 1000, 256, '[\'Tree\', \'Depth-First Search\', \'Binary Tree\']'),
(611, '645_SETMIS', '645', 'https://leetcode.com/problems/set-mismatch/description', 'Set Mismatch', 'arr', 'Imported from LeetCode', 'Easy', 1000, 256, '[\'Array\', \'Hash Table\', \'2+\']'),
(612, '734_SENSIM', '734', 'https://leetcode.com/problems/sentence-similarity/description', 'Sentence Similarity', 'arr', 'Imported from LeetCode', 'Easy', 1000, 256, '[\'Array\', \'Hash Table\', \'String\']'),
(613, '819_MOSCOM', '819', 'https://leetcode.com/problems/most-common-word/description', 'Most Common Word', 'arr', 'Imported from LeetCode', 'Easy', 1000, 256, '[\'Array\', \'Hash Table\', \'String\', \'1+\']'),
(614, '2099_FINSUB', '2099', 'https://leetcode.com/problems/find-subsequence-of-length-k-with-the-largest-sum/description', 'Find Subsequence of Length K With the Largest Sum', 'arr', 'Imported from LeetCode', 'Easy', 1000, 256, '[\'Array\', \'Hash Table\', \'Sorting\', \'1+\']'),
(615, '482_LICKEY', '482', 'https://leetcode.com/problems/license-key-formatting/description', 'License Key Formatting', 'arr', 'Imported from LeetCode', 'Easy', 1000, 256, '[\'String\']'),
(616, '14_LONCOM', '14', 'https://leetcode.com/problems/longest-common-prefix/description', 'Longest Common Prefix', 'arr', 'Imported from LeetCode', 'Easy', 1000, 256, '[\'String\', \'Trie\']'),
(617, '643_MAXAVE', '643', 'https://leetcode.com/problems/maximum-average-subarray-i/description', 'Maximum Average Subarray I', 'arr', 'Imported from LeetCode', 'Easy', 1000, 256, '[\'Array\', \'Sliding Window\']'),
(618, '367_VALPER', '367', 'https://leetcode.com/problems/valid-perfect-square/description', 'Valid Perfect Square', 'arr', 'Imported from LeetCode', 'Easy', 1000, 256, '[\'Math\', \'Binary Search\']'),
(619, '2937_MAKTHR', '2937', 'https://leetcode.com/problems/make-three-strings-equal/description', 'Make Three Strings Equal', 'arr', 'Imported from LeetCode', 'Easy', 1000, 256, '[\'String\']'),
(620, '3142_CHEIFZ', '3142', 'https://leetcode.com/problems/check-if-grid-satisfies-conditions/description', 'Check if Grid Satisfies Conditions', 'arr', 'Imported from LeetCode', 'Easy', 1000, 256, '[\'Array\', \'Matrix\']'),
(621, '28_FINTHE', '28', 'https://leetcode.com/problems/find-the-index-of-the-first-occurrence-in-a-string/description', 'Find the Index of the First Occurrence in a String', 'arr', 'Imported from LeetCode', 'Easy', 1000, 256, '[\'Two Pointers\', \'String\', \'String Matching\']'),
(622, '1592_REASPA', '1592', 'https://leetcode.com/problems/rearrange-spaces-between-words/description', 'Rearrange Spaces Between Words', 'arr', 'Imported from LeetCode', 'Easy', 1000, 256, '[\'String\']'),
(623, '1566_DETPAT', '1566', 'https://leetcode.com/problems/detect-pattern-of-length-m-repeated-k-or-more-times/description', 'Detect Pattern of Length M Repeated K or More Times', 'arr', 'Imported from LeetCode', 'Easy', 1000, 256, '[\'Array\', \'Enumeration\']'),
(624, '3200_MAXHEI', '3200', 'https://leetcode.com/problems/maximum-height-of-a-triangle/description', 'Maximum Height of a Triangle', 'arr', 'Imported from LeetCode', 'Easy', 1000, 256, '[\'Array\', \'Enumeration\']'),
(625, '1736_LATTIM', '1736', 'https://leetcode.com/problems/latest-time-by-replacing-hidden-digits/description', 'Latest Time by Replacing Hidden Digits', 'arr', 'Imported from LeetCode', 'Easy', 1000, 256, '[\'String\', \'Greedy\']'),
(626, '507_PERNUM', '507', 'https://leetcode.com/problems/perfect-number/description', 'Perfect Number', 'arr', 'Imported from LeetCode', 'Easy', 1000, 256, '[\'Math\']'),
(627, '290_WORPAT', '290', 'https://leetcode.com/problems/word-pattern/description', 'Word Pattern', 'arr', 'Imported from LeetCode', 'Easy', 1000, 256, '[\'Hash Table\', \'String\']'),
(628, '263_UGLNUM', '263', 'https://leetcode.com/problems/ugly-number/description', 'Ugly Number', 'arr', 'Imported from LeetCode', 'Easy', 1000, 256, '[\'Math\']'),
(629, '1013_PARARR', '1013', 'https://leetcode.com/problems/partition-array-into-three-parts-with-equal-sum/description', 'Partition Array Into Three Parts With Equal Sum', 'arr', 'Imported from LeetCode', 'Easy', 1000, 256, '[\'Array\', \'Greedy\']'),
(630, '168_EXCSHE', '168', 'https://leetcode.com/problems/excel-sheet-column-title/description', 'Excel Sheet Column Title', 'arr', 'Imported from LeetCode', 'Easy', 1000, 256, '[\'Math\', \'String\']'),
(631, '157_REANZC', '157', 'https://leetcode.com/problems/read-n-characters-given-read4/description', 'Read N Characters Given Read4', 'arr', 'Imported from LeetCode', 'Easy', 1000, 256, '[\'Array\', \'Simulation\', \'Interactive\']'),
(632, '3095_SHOSUB', '3095', 'https://leetcode.com/problems/shortest-subarray-with-or-at-least-k-i/description', 'Shortest Subarray With OR at Least K I', 'arr', 'Imported from LeetCode', 'Easy', 1000, 256, '[\'Array\', \'Bit Manipulation\', \'Sliding Window\']'),
(633, '2383_MINHOU', '2383', 'https://leetcode.com/problems/minimum-hours-of-training-to-win-a-competition/description', 'Minimum Hours of Training to Win a Competition', 'arr', 'Imported from LeetCode', 'Easy', 1000, 256, '[\'Array\', \'Greedy\']'),
(634, '680_VALPAL', '680', 'https://leetcode.com/problems/valid-palindrome-ii/description', 'Valid Palindrome II', 'arr', 'Imported from LeetCode', 'Easy', 1000, 256, '[\'Two Pointers\', \'String\', \'Greedy\']'),
(635, '422_VALWOR', '422', 'https://leetcode.com/problems/valid-word-square/description', 'Valid Word Square', 'arr', 'Imported from LeetCode', 'Easy', 1000, 256, '[\'Array\', \'Matrix\']'),
(636, '20_VALPAR', '20', 'https://leetcode.com/problems/valid-parentheses/description', 'Valid Parentheses', 'arr', 'Imported from LeetCode', 'Easy', 1000, 256, '[\'String\', \'Stack\']'),
(637, '604_DESCOM', '604', 'https://leetcode.com/problems/design-compressed-string-iterator/description', 'Design Compressed String Iterator', 'arr', 'Imported from LeetCode', 'Easy', 1000, 256, '[\'Array\', \'String\', \'Design\', \'1+\']'),
(638, '1232_CHEIFZ', '1232', 'https://leetcode.com/problems/check-if-it-is-a-straight-line/description', 'Check If It Is a Straight Line', 'arr', 'Imported from LeetCode', 'Easy', 1000, 256, '[\'Array\', \'Math\', \'Geometry\']'),
(639, '69_SQRTX', '69', 'https://leetcode.com/problems/sqrt(x)/description', 'Sqrt(x)', 'arr', 'Imported from LeetCode', 'Easy', 1000, 256, '[\'Math\', \'Binary Search\']'),
(640, '2739_TOTDIS', '2739', 'https://leetcode.com/problems/total-distance-traveled/description', 'Total Distance Traveled', 'arr', 'Imported from LeetCode', 'Easy', 1000, 256, '[\'Math\', \'Simulation\']'),
(641, '1784_CHEIFZ', '1784', 'https://leetcode.com/problems/check-if-binary-string-has-at-most-one-segment-of-ones/description', 'Check if Binary String Has at Most One Segment of Ones', 'arr', 'Imported from LeetCode', 'Easy', 1000, 256, '[\'String\']'),
(642, '1668_MAXREP', '1668', 'https://leetcode.com/problems/maximum-repeating-substring/description', 'Maximum Repeating Substring', 'arr', 'Imported from LeetCode', 'Easy', 1000, 256, '[\'String\', \'Dynamic Programming\', \'1+\']'),
(643, '2511_MAXENE', '2511', 'https://leetcode.com/problems/maximum-enemy-forts-that-can-be-captured/description', 'Maximum Enemy Forts That Can Be Captured', 'arr', 'Imported from LeetCode', 'Easy', 1000, 256, '[\'Array\', \'Two Pointers\']'),
(644, '1805_NUMOFZ', '1805', 'https://leetcode.com/problems/number-of-different-integers-in-a-string/description', 'Number of Different Integers in a String', 'arr', 'Imported from LeetCode', 'Easy', 1000, 256, '[\'Hash Table\', \'String\']'),
(645, '170_TWOSUM', '170', 'https://leetcode.com/problems/two-sum-iii---data-structure-design/description', 'Two Sum III - Data structure design', 'arr', 'Imported from LeetCode', 'Easy', 1000, 256, '[\'Array\', \'Hash Table\', \'Two Pointers\', \'2+\']'),
(646, '3024_TYPOFZ', '3024', 'https://leetcode.com/problems/type-of-triangle/description', 'Type of Triangle', 'arr', 'Imported from LeetCode', 'Easy', 1000, 256, '[\'Array\', \'Math\', \'Sorting\']'),
(647, '3136_VALWOR', '3136', 'https://leetcode.com/problems/valid-word/description', 'Valid Word', 'arr', 'Imported from LeetCode', 'Easy', 1000, 256, '[\'String\']'),
(648, '1346_CHEIFZ', '1346', 'https://leetcode.com/problems/check-if-n-and-its-double-exist/description', 'Check If N and Its Double Exist', 'arr', 'Imported from LeetCode', 'Easy', 1000, 256, '[\'Array\', \'Hash Table\', \'Two Pointers\', \'2+\']'),
(649, '1037_VALBOO', '1037', 'https://leetcode.com/problems/valid-boomerang/description', 'Valid Boomerang', 'arr', 'Imported from LeetCode', 'Easy', 1000, 256, '[\'Array\', \'Math\', \'Geometry\']'),
(650, '3000_MAXARE', '3000', 'https://leetcode.com/problems/maximum-area-of-longest-diagonal-rectangle/description', 'Maximum Area of Longest Diagonal Rectangle', 'arr', 'Imported from LeetCode', 'Easy', 1000, 256, '[\'Array\']'),
(651, '2525_CATBOX', '2525', 'https://leetcode.com/problems/categorize-box-according-to-criteria/description', 'Categorize Box According to Criteria', 'arr', 'Imported from LeetCode', 'Easy', 1000, 256, '[\'Math\']'),
(652, '434_NUMOFZ', '434', 'https://leetcode.com/problems/number-of-segments-in-a-string/description', 'Number of Segments in a String', 'arr', 'Imported from LeetCode', 'Easy', 1000, 256, '[\'String\']'),
(653, '408_VALWOR', '408', 'https://leetcode.com/problems/valid-word-abbreviation/description', 'Valid Word Abbreviation', 'arr', 'Imported from LeetCode', 'Easy', 1000, 256, '[\'Two Pointers\', \'String\']'),
(654, '414_THIMAX', '414', 'https://leetcode.com/problems/third-maximum-number/description', 'Third Maximum Number', 'arr', 'Imported from LeetCode', 'Easy', 1000, 256, '[\'Array\', \'Sorting\']'),
(655, '3114_LATTIM', '3114', 'https://leetcode.com/problems/latest-time-you-can-obtain-after-replacing-characters/description', 'Latest Time You Can Obtain After Replacing Characters', 'arr', 'Imported from LeetCode', 'Easy', 1000, 256, '[\'String\', \'Enumeration\']'),
(656, '2614_PRIINZ', '2614', 'https://leetcode.com/problems/prime-in-diagonal/description', 'Prime In Diagonal', 'arr', 'Imported from LeetCode', 'Easy', 1000, 256, '[\'Array\', \'Math\', \'Matrix\', \'1+\']'),
(657, '2660_DETTHE', '2660', 'https://leetcode.com/problems/determine-the-winner-of-a-bowling-game/description', 'Determine the Winner of a Bowling Game', 'arr', 'Imported from LeetCode', 'Easy', 1000, 256, '[\'Array\', \'Simulation\']'),
(658, '2765_LONALT', '2765', 'https://leetcode.com/problems/longest-alternating-subarray/description', 'Longest Alternating Subarray', 'arr', 'Imported from LeetCode', 'Easy', 1000, 256, '[\'Array\', \'Enumeration\']'),
(659, '163_MISRAN', '163', 'https://leetcode.com/problems/missing-ranges/description', 'Missing Ranges', 'arr', 'Imported from LeetCode', 'Easy', 1000, 256, '[\'Array\']'),
(660, '941_VALMOU', '941', 'https://leetcode.com/problems/valid-mountain-array/description', 'Valid Mountain Array', 'arr', 'Imported from LeetCode', 'Easy', 1000, 256, '[\'Array\']'),
(661, '859_BUDSTR', '859', 'https://leetcode.com/problems/buddy-strings/description', 'Buddy Strings', 'arr', 'Imported from LeetCode', 'Easy', 1000, 256, '[\'Hash Table\', \'String\']'),
(662, '2996_SMAMIS', '2996', 'https://leetcode.com/problems/smallest-missing-integer-greater-than-sequential-prefix-sum/description', 'Smallest Missing Integer Greater Than Sequential Prefix Sum', 'arr', 'Imported from LeetCode', 'Easy', 1000, 256, '[\'Array\', \'Hash Table\', \'Sorting\']'),
(663, '925_LONPRE', '925', 'https://leetcode.com/problems/long-pressed-name/description', 'Long Pressed Name', 'arr', 'Imported from LeetCode', 'Easy', 1000, 256, '[\'Two Pointers\', \'String\']'),
(664, '2760_LONEVE', '2760', 'https://leetcode.com/problems/longest-even-odd-subarray-with-threshold/description', 'Longest Even Odd Subarray With Threshold', 'arr', 'Imported from LeetCode', 'Easy', 1000, 256, '[\'Array\', \'Sliding Window\']'),
(665, '914_XZOOFZ', '914', 'https://leetcode.com/problems/x-of-a-kind-in-a-deck-of-cards/description', 'X of a Kind in a Deck of Cards', 'arr', 'Imported from LeetCode', 'Easy', 1000, 256, '[\'Array\', \'Hash Table\', \'Math\', \'2+\']'),
(666, '2047_NUMOFZ', '2047', 'https://leetcode.com/problems/number-of-valid-words-in-a-sentence/description', 'Number of Valid Words in a Sentence', 'arr', 'Imported from LeetCode', 'Easy', 1000, 256, '[\'String\']'),
(667, '605_CANPLA', '605', 'https://leetcode.com/problems/can-place-flowers/description', 'Can Place Flowers', 'arr', 'Imported from LeetCode', 'Easy', 1000, 256, '[\'Array\', \'Greedy\']'),
(668, '1909_REMONE', '1909', 'https://leetcode.com/problems/remove-one-element-to-make-the-array-strictly-increasing/description', 'Remove One Element to Make the Array Strictly Increasing', 'arr', 'Imported from LeetCode', 'Easy', 1000, 256, '[\'Array\']'),
(669, '2591_DISMON', '2591', 'https://leetcode.com/problems/distribute-money-to-maximum-children/description', 'Distribute Money to Maximum Children', 'arr', 'Imported from LeetCode', 'Easy', 1000, 256, '[\'Math\', \'Greedy\']');
INSERT INTO `problem` (`id`, `code`, `Leetcode_ID`, `Leetcode_link`, `title`, `input_type`, `description`, `level`, `time_limit_ms`, `memory_limit_mb`, `tag`) VALUES
(670, '2423_REMLET', '2423', 'https://leetcode.com/problems/remove-letter-to-equalize-frequency/description', 'Remove Letter To Equalize Frequency', 'arr', 'Imported from LeetCode', 'Easy', 1000, 256, '[\'Hash Table\', \'String\', \'Counting\']'),
(671, 'G001_FINMIN', 'G001', 'None', 'Find Minimum Value in List', 'arr', 'Imported from LeetCode', 'Easy', 1000, 256, '[\'Array\']'),
(672, 'G002_FINMAX', 'G002', 'None', 'Find Maximum of Four Numbers', 'arr', 'Imported from LeetCode', 'Easy', 1000, 256, '[\'Array\']'),
(673, 'G003_DIFBET', 'G003', 'None', 'Difference Between Max and Min', 'arr', 'Imported from LeetCode', 'Easy', 1000, 256, '[\'Array\']'),
(674, 'G004_FINSEC', 'G004', 'None', 'Find Second Smallest Number', 'arr', 'Imported from LeetCode', 'Easy', 1000, 256, '[\'Array\']'),
(675, 'G005_LAREVE', 'G005', 'None', 'Largest Even Number in Array', 'arr', 'Imported from LeetCode', 'Easy', 1000, 256, '[\'Array\']'),
(676, 'G006_SMAODD', 'G006', 'None', 'Smallest Odd Number in List', 'arr', 'Imported from LeetCode', 'Easy', 1000, 256, '[\'Array\']'),
(677, 'G007_CHEPOS', 'G007', 'None', 'Check Positive and Divisible by 5', 'arr', 'Imported from LeetCode', 'Easy', 1000, 256, '[\'Array\']'),
(678, 'G008_SUMOF', 'G008', 'None', 'Sum of All Negative Numbers', 'arr', 'Imported from LeetCode', 'Easy', 1000, 256, '[\'Array\']'),
(679, 'G009_COUNUM', 'G009', 'None', 'Count Numbers Divisible by 3 or 7', 'arr', 'Imported from LeetCode', 'Easy', 1000, 256, '[\'Array\']'),
(680, 'G010_AVEOF', 'G010', 'None', 'Average of Positive Integers', 'arr', 'Imported from LeetCode', 'Easy', 1000, 256, '[\'Array\']'),
(681, 'G011_FINFIR', 'G011', 'None', 'Find First Non-Positive Number', 'arr', 'Imported from LeetCode', 'Easy', 1000, 256, '[\'Array\']'),
(682, 'G012_SUMOF', 'G012', 'None', 'Sum of Even Numbers in Range', 'arr', 'Imported from LeetCode', 'Easy', 1000, 256, '[\'Array\']'),
(683, 'G013_COUELE', 'G013', 'None', 'Count Elements Greater Than Average', 'arr', 'Imported from LeetCode', 'Easy', 1000, 256, '[\'Array\']'),
(684, 'G014_PROOF', 'G014', 'None', 'Product of Non-Zero Numbers', 'arr', 'Imported from LeetCode', 'Easy', 1000, 256, '[\'Array\']'),
(685, 'G015_CHEFOR', 'G015', 'None', 'Check for Negative Inputs', 'arr', 'Imported from LeetCode', 'Easy', 1000, 256, '[\'Array\']'),
(686, 'G016_SUMOF', 'G016', 'None', 'Sum of Squares of Positive Numbers', 'arr', 'Imported from LeetCode', 'Easy', 1000, 256, '[\'Array\']'),
(687, 'G017_FINNUM', 'G017', 'None', 'Find Number Divisible by X and Y', 'arr', 'Imported from LeetCode', 'Easy', 1000, 256, '[\'Array\']'),
(688, 'G018_COUINT', 'G018', 'None', 'Count Integers with Odd Value', 'arr', 'Imported from LeetCode', 'Easy', 1000, 256, '[\'Array\']'),
(689, 'G019_LARMUL', 'G019', 'None', 'Largest Multiple of 10 in List', 'arr', 'Imported from LeetCode', 'Easy', 1000, 256, '[\'Array\']'),
(690, 'G020_ABSDIF', 'G020', 'None', 'Absolute Difference of Two Numbers', 'arr', 'Imported from LeetCode', 'Easy', 1000, 256, '[\'Array\']'),
(691, '', '', 'None', '', 'arr', 'Imported from LeetCode', '', 1000, 256, '');

-- --------------------------------------------------------

--
-- Table structure for table `student`
--

CREATE TABLE `student` (
  `id` int(11) NOT NULL,
  `student_id` varchar(50) NOT NULL,
  `password` varchar(5) NOT NULL DEFAULT 'pass',
  `name` varchar(100) DEFAULT NULL,
  `english_name` varchar(100) DEFAULT NULL,
  `class` varchar(50) DEFAULT NULL
) ENGINE=InnoDB DEFAULT CHARSET=utf8mb4 COLLATE=utf8mb4_general_ci;

--
-- Dumping data for table `student`
--

INSERT INTO `student` (`id`, `student_id`, `password`, `name`, `english_name`, `class`) VALUES
(1, 'U12627000', 'pass', '', 'Test User', 'MCUT_CLASS'),
(2, 'U12627016', 'dog', '', 'Chiout', 'MCUT_CLASS'),
(3, 'U12627902', 'love', '', 'Antonio', 'MCUT_CLASS'),
(4, 'U12627031', 'time', '', 'David', 'MCUT_CLASS'),
(5, 'U12627032', 'star', '', 'Yuki', 'MCUT_CLASS'),
(6, 'U12627026', 'book', '', 'han', 'MCUT_CLASS'),
(7, 'U12627011', 'love', '', 'Andy', 'MCUT_CLASS'),
(8, 'U12627901', 'drum', '', 'Thnh', 'MCUT_CLASS'),
(9, 'U12627039', 'dog', '', 'Sam', 'MCUT_CLASS'),
(10, 'U12627014', 'drum', '', 'Mark', 'MCUT_CLASS'),
(11, 'U12627017', 'love', '', 'Vivian', 'MCUT_CLASS'),
(12, 'U12627018', 'book', '', 'Alan', 'MCUT_CLASS'),
(13, 'U12627010', 'car', '', 'Ryan', 'MCUT_CLASS'),
(14, 'U12627012', 'book', '', 'Kan', 'MCUT_CLASS'),
(15, 'U12627004', 'book', '', 'Roy', 'MCUT_CLASS'),
(16, 'U12627015', 'drum', '', 'Eric', 'MCUT_CLASS'),
(17, 'U12627013', 'book', '', 'Howard', 'MCUT_CLASS'),
(18, 'U12627027', 'game', '', 'kyle', 'MCUT_CLASS'),
(19, 'U12627022', 'book', '', 'Kelly', 'MCUT_CLASS'),
(20, 'U12627030', 'book', '', 'David', 'MCUT_CLASS'),
(21, 'U12627021', 'tree', '', 'Anita', 'MCUT_CLASS'),
(22, 'U12627044', 'game', '', 'Diego', 'MCUT_CLASS'),
(23, 'U12627040', 'pokem', '', 'Leo_Tsai', 'MCUT_CLASS'),
(24, 'U12627042', 'book', '', 'Jerry', 'MCUT_CLASS'),
(25, 'U12627008', 'pikac', '', 'Daniel', 'MCUT_CLASS'),
(26, 'U12627006', 'drum', '', 'shijunwei', 'MCUT_CLASS'),
(27, 'U12627028', 'book', '', 'Vilen', 'MCUT_CLASS'),
(28, 'U12627002', 'home', '', 'yinzheng', 'MCUT_CLASS'),
(29, 'U12627029', 'love', '', 'white', 'MCUT_CLASS'),
(30, 'U12627019', 'book', '', 'NOIDEA', 'MCUT_CLASS'),
(31, 'U12627035', 'love', '', 'Ben', 'MCUT_CLASS'),
(32, 'U12627038', 'game', '', 'Hengyou', 'MCUT_CLASS'),
(33, 'U12627034', 'fire', '', 'Hsuan', 'MCUT_CLASS'),
(34, 'U12627020', 'car', '', 'Benny', 'MCUT_CLASS'),
(35, 'U12627009', 'time', '', 'melo', 'MCUT_CLASS'),
(36, 'U12627041', 'game', '', 'jonathan', 'MCUT_CLASS'),
(37, 'U12627036', 'game', '', 'Tony', 'MCUT_CLASS'),
(38, 'U12627037', 'game', '', 'Ivan', 'MCUT_CLASS'),
(39, 'U12627033', 'game', '', 'wei', 'MCUT_CLASS'),
(40, 'U12627023', 'home', '', 'CHEN_HONG_JHE', 'MCUT_CLASS'),
(41, 'U12627025', 'love', '', 'CHEN-JIAN-KAI', 'MCUT_CLASS'),
(42, 'U12627007', 'book', '', 'Louis', 'MCUT_CLASS'),
(43, 'U12627003', 'car', '', 'Will', 'MCUT_CLASS'),
(44, 'U13227207', 'ball', '', 'Max', 'MCUT_CLASS'),
(45, 'U13227211', 'green', '', 'Winna', 'MCUT_CLASS'),
(46, 'U13227202', 'pink', '', 'Raya', 'MCUT_CLASS'),
(47, 'U13227206', 'game', '', 'Victoria', 'MCUT_CLASS'),
(48, 'U13227203', 'duck', '', 'Da Thao', 'MCUT_CLASS'),
(49, 'U13227210', 'love', '', 'Iris', 'MCUT_CLASS'),
(50, 'U13227212', 'duck', '', 'Hoang Minh Ha (Jessica)', 'MCUT_CLASS'),
(51, 'U13227208', 'pink', '', 'Jennifer', 'MCUT_CLASS'),
(52, 'U13227201', 'plan', '', 'Sally', 'MCUT_CLASS'),
(53, 'U13227204', 'home', '', 'Rose', 'MCUT_CLASS'),
(54, 'U13227213', 'book', '', 'Tak', 'MCUT_CLASS'),
(55, 'U13227214', 'ball', '', 'Tommy', 'MCUT_CLASS'),
(56, 'U13227205', 'time', '', 'Nguyen The Nhat Huy', 'MCUT_CLASS'),
(57, 'U13227209', 'game', '', 'Fidel', 'MCUT_CLASS'),
(58, 'U12227213', 'car', '', 'Mindy', 'MCUT_CLASS'),
(59, 'U12227204', 'love', '', 'Oliver', 'MCUT_CLASS'),
(60, 'U12227201', 'blue', '', 'Winnie', 'MCUT_CLASS'),
(61, 'U12227203', 'game', '', 'Cedric', 'MCUT_CLASS'),
(62, 'U12227215', 'book', '', 'Annie', 'MCUT_CLASS'),
(63, 'U12227216', 'red', '', 'Carly', 'MCUT_CLASS'),
(64, 'U12227209', 'pikac', '', 'Julie', 'MCUT_CLASS'),
(65, 'U12227210', 'love', '', 'Wulix', 'MCUT_CLASS'),
(66, 'U12227211', 'pokem', '', 'Helene', 'MCUT_CLASS'),
(67, 'U13627021', 'book', '', 'Andy', 'MCUT_CLASS'),
(68, 'U13627025', 'book', '', 'justin', 'MCUT_CLASS'),
(69, 'U13627010', 'book', '', 'Tom', 'MCUT_CLASS'),
(70, 'U13627039', 'love', '', 'Liu Wen Chun', 'MCUT_CLASS'),
(71, 'U13627022', 'star', '', 'Chang Yu Chen', 'MCUT_CLASS'),
(72, 'U13627033', 'love', '', 'Chen I-JU', 'MCUT_CLASS'),
(73, 'U13627008', 'book', '', 'Lee Yi Shiu', 'MCUT_CLASS'),
(74, 'U13627012', 'book', '', 'WUN-SYUAN LIN', 'MCUT_CLASS'),
(75, 'U13627016', 'duck', '', 'jamie', 'MCUT_CLASS'),
(76, 'U13627017', 'love', '', 'Rita', 'MCUT_CLASS'),
(77, 'U13627003', 'book', '', 'Cheng He Rong', 'MCUT_CLASS'),
(78, 'U13627011', 'pokem', '', 'Mike', 'MCUT_CLASS'),
(79, 'U13627034', 'sock', '', 'Meghan', 'MCUT_CLASS'),
(80, 'U13627042', 'game', '', 'Ian', 'MCUT_CLASS'),
(81, 'U13627045', 'home', '', 'Alen', 'MCUT_CLASS'),
(82, 'U13627030', 'book', '', 'Jimmy', 'MCUT_CLASS'),
(83, 'U13627009', 'dog', '', 'toby', 'MCUT_CLASS'),
(84, 'U13627002', 'game', '', 'Annie', 'MCUT_CLASS'),
(85, 'U13627037', 'game', '', 'chison', 'MCUT_CLASS'),
(86, 'U13627044', 'game', '', 'David', 'MCUT_CLASS'),
(87, 'U13627029', 'game', '', 'Neal', 'MCUT_CLASS'),
(88, 'U13627013', 'blue', '', 'Jason Lin', 'MCUT_CLASS'),
(89, 'U13627036', 'wind', '', 'Sean', 'MCUT_CLASS'),
(90, 'U13627018', 'book', '', 'Jerry', 'MCUT_CLASS'),
(91, 'U13627028', 'star', '', 'Eric', 'MCUT_CLASS'),
(92, 'U13627043', 'car', '', 'Apple', 'MCUT_CLASS'),
(93, 'U13627001', 'book', '', 'Sandy', 'MCUT_CLASS'),
(94, 'U13627038', 'book', '', 'alex', 'MCUT_CLASS'),
(95, 'U13627015', 'star', '', 'Ryan', 'MCUT_CLASS'),
(96, 'U13627040', 'green', '', 'hanns', 'MCUT_CLASS'),
(97, 'U13627004', 'game', '', 'Chew Ye Heng', 'MCUT_CLASS'),
(98, 'U13627026', 'book', '', 'eason', 'MCUT_CLASS'),
(99, 'U13627006', 'game', '', 'Brian', 'MCUT_CLASS'),
(100, 'U13627020', 'book', '', 'Handsome', 'MCUT_CLASS'),
(101, 'U13627032', 'book', '', 'Eric', 'MCUT_CLASS'),
(102, 'U13627035', 'car', '', 'xiaoma', 'MCUT_CLASS'),
(103, 'F131702688', 'tree', '', 'Handsome', 'MCUT_CLASS'),
(104, 'U12227208', 'love', '', 'Jason', 'MCUT_CLASS'),
(105, 'U13627007', 'game', '', 'Michael Lee', 'MCUT_CLASS'),
(106, 'U13627019', 'book', '', 'Willy', 'MCUT_CLASS'),
(107, 'U13627901', 'home', '', 'WEIYOU CHEN', 'MCUT_CLASS'),
(108, 'U13627041', 'book', '', 'Jamie', 'MCUT_CLASS'),
(109, 'U11127043', 'drum', '', 'Ben', 'MCUT_CLASS'),
(110, 'U14227216', 'pink', '', 'Amelia', 'MCUT_CLASS'),
(111, 'U10187156', 'star', '', 'Eric', 'MCUT_CLASS'),
(112, 'U13627027', 'love', '', 'kevin', 'MCUT_CLASS'),
(113, 'U11627034', 'book', '', 'Tommy', 'MCUT_CLASS'),
(114, 'u13627023', '', '', 'yuting', 'MCUT_CLASS'),
(115, 'U13627031', 'book', '', 'Eric', 'MCUT_CLASS'),
(116, 'U13627024', 'game', '', 'Kuo', 'MCUT_CLASS'),
(117, 'U11627013', 'game', '', 'LianChia', 'MCUT_CLASS'),
(118, 'u11627032', 'love', '', 'Young', 'MCUT_CLASS'),
(119, 'U12627024', 'book', '', 'U12627024', 'MCUT_CLASS'),
(120, 'U13627014', 'tree', '', 'Yung Chin', 'MCUT_CLASS'),
(121, 'U14227213', 'game', '', 'Alvin', 'MCUT_CLASS'),
(122, 'U14227217', 'game', '', 'Messi', 'MCUT_CLASS'),
(123, 'U14227202', 'fire', '', 'Nguyen Thuy Vi', 'MCUT_CLASS'),
(124, 'U14227204', 'fire', '', 'Selena', 'MCUT_CLASS'),
(125, 'U14227206', 'fire', '', 'nic', 'MCUT_CLASS'),
(126, 'U14227203', 'love', '', 'Sophia', 'MCUT_CLASS'),
(127, 'U142272122', 'book', '', 'Tracy', 'MCUT_CLASS'),
(128, 'U14227205', 'road', '', 'Brian', 'MCUT_CLASS'),
(129, 'U14227208', 'book', '', 'Thai', 'MCUT_CLASS'),
(130, 'U14227207', 'book', '', 'Mary', 'MCUT_CLASS'),
(131, 'U14227210', 'road', '', 'Elysia', 'MCUT_CLASS'),
(132, 'U14227209', 'love', '', 'Vu Dang Huy', 'MCUT_CLASS'),
(133, 'U14227214', 'star', '', 'Andrew', 'MCUT_CLASS'),
(134, 'U14227215', 'love', '', 'Andy', 'MCUT_CLASS'),
(135, 'U14227212', 'book', '', 'Tracy', 'MCUT_CLASS'),
(136, 'U11227010', 'yello', '', 'Lia', 'MCUT_CLASS'),
(137, 'U14227201', 'jack', '', 'Mon', 'MCUT_CLASS');

-- --------------------------------------------------------

--
-- Table structure for table `submission`
--

CREATE TABLE `submission` (
  `id` int(11) NOT NULL,
  `student_id` int(11) DEFAULT NULL,
  `contest_id` int(11) DEFAULT NULL,
  `problem_id` int(11) DEFAULT NULL,
  `language` varchar(20) NOT NULL,
  `status` enum('Pending','Accepted','Wrong Answer','Time Limit Exceeded','Compilation Error') DEFAULT 'Pending',
  `score` int(3) DEFAULT NULL,
  `created_at` timestamp NOT NULL DEFAULT current_timestamp()
) ENGINE=InnoDB DEFAULT CHARSET=utf8mb4 COLLATE=utf8mb4_general_ci;

--
-- Dumping data for table `submission`
--

INSERT INTO `submission` (`id`, `student_id`, `contest_id`, `problem_id`, `language`, `status`, `score`, `created_at`) VALUES
(1, 2, 1, 671, 'python', 'Wrong Answer', NULL, '2025-12-18 07:04:28'),
(2, 2, 1, 671, 'python', 'Wrong Answer', 0, '2025-12-18 07:13:16'),
(13, 2, 1, 671, 'python', '', 0, '2025-12-18 08:20:09'),
(14, 2, 6, 671, 'python', '', 0, '2025-12-18 08:22:18'),
(15, 2, 6, 671, 'python', 'Wrong Answer', 0, '2025-12-18 08:22:55'),
(16, 2, 6, 671, 'python', 'Wrong Answer', 0, '2025-12-18 08:23:09'),
(17, 2, 6, 671, 'python', 'Accepted', 100, '2025-12-18 08:24:57'),
(18, 2, 6, 671, 'python', 'Wrong Answer', 0, '2025-12-18 08:25:05'),
(19, 2, 6, 671, 'python', 'Wrong Answer', 0, '2025-12-18 08:25:13'),
(20, 2, 6, 671, 'python', 'Wrong Answer', 9, '2025-12-18 08:28:59'),
(21, 2, 6, 671, 'python', 'Accepted', 100, '2025-12-18 08:29:35'),
(22, 2, 1, 682, 'python', '', 0, '2025-12-18 11:31:48'),
(23, 2, 1, 682, 'python', 'Wrong Answer', 1, '2025-12-18 11:32:23'),
(24, 2, 1, 682, 'python', 'Wrong Answer', 0, '2025-12-18 11:32:38'),
(25, 2, 1, 682, 'python', 'Wrong Answer', 0, '2025-12-18 11:32:47'),
(26, 2, 1, 682, 'python', 'Accepted', 100, '2025-12-18 11:32:51');

--
-- Indexes for dumped tables
--

--
-- Indexes for table `contest`
--
ALTER TABLE `contest`
  ADD PRIMARY KEY (`id`);

--
-- Indexes for table `contest_problem`
--
ALTER TABLE `contest_problem`
  ADD PRIMARY KEY (`contest_id`,`problem_id`),
  ADD KEY `problem_id` (`problem_id`);

--
-- Indexes for table `problem`
--
ALTER TABLE `problem`
  ADD PRIMARY KEY (`id`),
  ADD UNIQUE KEY `code` (`code`);

--
-- Indexes for table `student`
--
ALTER TABLE `student`
  ADD PRIMARY KEY (`id`),
  ADD UNIQUE KEY `username` (`student_id`);

--
-- Indexes for table `submission`
--
ALTER TABLE `submission`
  ADD PRIMARY KEY (`id`);

--
-- AUTO_INCREMENT for dumped tables
--

--
-- AUTO_INCREMENT for table `contest`
--
ALTER TABLE `contest`
  MODIFY `id` int(11) NOT NULL AUTO_INCREMENT, AUTO_INCREMENT=8;

--
-- AUTO_INCREMENT for table `problem`
--
ALTER TABLE `problem`
  MODIFY `id` int(11) NOT NULL AUTO_INCREMENT, AUTO_INCREMENT=713;

--
-- AUTO_INCREMENT for table `student`
--
ALTER TABLE `student`
  MODIFY `id` int(11) NOT NULL AUTO_INCREMENT, AUTO_INCREMENT=275;

--
-- AUTO_INCREMENT for table `submission`
--
ALTER TABLE `submission`
  MODIFY `id` int(11) NOT NULL AUTO_INCREMENT, AUTO_INCREMENT=27;

--
-- Constraints for dumped tables
--

--
-- Constraints for table `contest_problem`
--
ALTER TABLE `contest_problem`
  ADD CONSTRAINT `contest_problem_ibfk_1` FOREIGN KEY (`contest_id`) REFERENCES `contest` (`id`) ON DELETE CASCADE,
  ADD CONSTRAINT `contest_problem_ibfk_2` FOREIGN KEY (`problem_id`) REFERENCES `problem` (`id`) ON DELETE CASCADE;

--
-- Constraints for table `submission`
--
ALTER TABLE `submission`
  ADD CONSTRAINT `submission_ibfk_1` FOREIGN KEY (`student_id`) REFERENCES `student` (`id`),
  ADD CONSTRAINT `submission_ibfk_2` FOREIGN KEY (`contest_id`) REFERENCES `contest` (`id`),
  ADD CONSTRAINT `submission_ibfk_3` FOREIGN KEY (`problem_id`) REFERENCES `problem` (`id`);
COMMIT;

/*!40101 SET CHARACTER_SET_CLIENT=@OLD_CHARACTER_SET_CLIENT */;
/*!40101 SET CHARACTER_SET_RESULTS=@OLD_CHARACTER_SET_RESULTS */;
/*!40101 SET COLLATION_CONNECTION=@OLD_COLLATION_CONNECTION */;
